Workbook

Sheet Tong quan
A1: Bảng tổng hợp đánh giá VAD – YAMNet, bin 0.5s
A2: Pipeline: file mp3/mp4 → decode (app) → PCM → lib: resample, downmix → cửa sổ 0.96 s / hop 0.08 s → model → gộp overlap → padding, drop, merge → segment. Xử lý theo file, không streaming.
A4: Cách dùng
A5: Ô nền vàng | B5: Ô bạn điền (trạng thái, kết quả đo, số liệu).
A6: Ô nền xám | B6: Số liệu ví dụ minh họa — ghi đè bằng kết quả thật.
A7: Ô chữ đen không nền | B7: Công thức tự tính, không cần sửa.
A8: Các sheet
A9: Ke hoach baseline | B9: Kế hoạch và theo dõi từng bước xây baseline: phụ trách, hạn, trạng thái, bằng chứng; tiến độ theo nhóm.
A10: KPI va Gate | B10: KPI của lib, baseline vs candidate: target, dung sai, CI Δ, kết luận đạt / không đạt.
A11: Snapshot | B11: Cấu hình được đóng băng (input lib, tiền xử lý, gộp overlap, hậu xử lý…); tự đánh dấu mục thay đổi.
A12: Quy trinh 8 buoc | B12: 8 bước đánh giá, đầu ra và công cụ; theo dõi tiến độ.
A13: Metrics | B13: Định nghĩa metric tầng A, B, C (hiệu năng lib), S (biên, file, parity), I (tích hợp decode).
A14: Kiem tra du lieu | B14: Checklist 18 mục kiểm tra chất lượng dữ liệu (Bước 8).
A15: Ablation | B15: Hậu xử lý A0–A4, cách gộp overlap, drop, thứ tự hậu xử lý; DCF tự tính.
A16: Bao cao category | B16: Mẫu báo cáo theo category: MR, FAR, loại lỗi, F1, DCF. Baseline chính thức điền bằng output của lib.
A17: Bieu do can ve | B17: Danh sách biểu đồ nên có.
A18: Parity | B18: So khớp Python reference ↔ lib theo thứ tự pipeline: waveform, log-mel, score, overlap, quyết định, segment.
A19: Performance | B19: Thời gian theo stage (ms / phút audio), RTF, CPU, năng lượng, bộ nhớ cố định, kích thước.
A20: Bien va timestamp | B20: Độ chính xác biên trên nhãn mịn, chất lượng theo vị trí trong file, căn chỉnh thời gian.
... A25: Tich hop decode | B25: Decode mp3/mp4 phía app (ngoài lib): lệch timestamp, định dạng, file lỗi. Không tính vào gate của lib.
A26: Tiến độ
A27: Tiến độ quy trình | B27: ='Quy trinh 8 buoc'!B14 -> 0
A28: Checklist dữ liệu đã xong | B28: ='Kiem tra du lieu'!C30 -> 0
A29: Số mục dữ liệu 'Không đạt' | B29: ='Kiem tra du lieu'!C26 -> 0
A30: Tiến độ kế hoạch baseline | B30: ='Ke hoach baseline'!I50 -> 0
A31: Số bước đang trễ hạn | B31: ='Ke hoach baseline'!D51 -> 0
A32: KPI: Đạt / Không đạt / Chưa đo | B32: ='KPI va Gate'!D32&" / "&'KPI va Gate'!D33&" / "&'KPI va Gate'!D34 -> 0 / 0 / 25
A33: Kết luận gate của lib | B33: ='KPI va Gate'!D36 -> CHƯA ĐỦ DỮ LIỆU
A34: Parity lib baseline: không đạt / chưa đo | B34: =Parity!F25&" / "&Parity!F26 -> 0 / 11
A35: Test chức năng baseline: không đạt / chưa chạy | B35: ='Test chuc nang'!F38&" / "&'Test chuc nang'!F39 -> 0 / 30
A36: Tích hợp decode: không đạt / chưa chạy | B36: ='Tich hop decode'!C46+'Tich hop decode'!D46&" / "&'Tich hop decode'!C47+'Tich hop decode'!D47 -> 0 / 17
A37: Lưu ý chính
A38: 1 | B38: AUC gộp trên dữ liệu thiết kế dễ bị thổi phồng — kiểm tra rò rỉ, file suy biến, alignment trước.
A39: 2 | B39: Chọn ngưỡng trên dev qua toàn pipeline, không chọn trên test.
A40: 3 | B40: CI bootstrap theo file / bản ghi gốc, không theo bin.
A41: 4 | B41: Ngưỡng cảnh báo là ngưỡng thực hành, cần hiệu chỉnh theo dữ liệu của bạn.
A42: 5 | B42: Baseline chính thức là số của lib.so, không phải của Python – Parity phải Đạt trước, bắt đầu từ waveform sau resample/downmix.
A43: 6 | B43: Đo hiệu năng trên thiết bị đích, môi trường cố định; quy về mỗi phút audio; báo mean và p95.
A44: 7 | B44: Mọi tối ưu của lib phải qua Parity và KPI va Gate trước khi merge.
A45: 8 | B45: Decode nằm ngoài lib: kiểm tra ở Tich hop decode. Không tính vào gate của lib nhưng lệch timestamp ở đây làm lệch mọi segment.

Sheet Ke hoach baseline
A1: Kế hoạch xây baseline – chất lượng + hiệu năng lib.so
A2: Theo dõi từng bước. Vàng = bạn điền; trạng thái nhóm Q tự lấy từ sheet 'Quy trinh 8 buoc'. Cột 'Tiến độ hạn' tự tính.
A4: Mã | B4: Nhóm | C4: Bước | D4: Việc cần làm | E4: Đầu ra | F4: Tiêu chí hoàn thành | G4: Sheet chi tiết | H4: Phụ thuộc | I4: Phụ trách | J4: Bắt đầu | K4: Hạn | L4: Hoàn thành | M4: Trạng thái | N4: Tiến độ hạn | O4: Bằng chứng (link / file) | P4: Ghi chú
A5: 0.1 | B5: 0. Chuẩn bị | C5: Chốt target & KPI | D5: Chọn thiết bị/SoC đích, độ dài file điển hình và lớn nhất; đặt target cho từng KPI | E5: Cột Target trong KPI va Gate | F5: Mọi KPI có target hoặc ghi rõ "không đặt target" | G5: KPI va Gate | H5: – | I5: (tên) | J5: 46293 | K5: 46297 | M5: Chưa làm | N5: =IF(K5="","",IF(L5<>"",IF(L5>K5,"Xong trễ "&(L5-K5)&" ngày","Đúng hạn"),IF(OR(M5="Đạt",M5="Không áp dụng"),"",IF(TODAY()>K5,"Trễ "&(TODAY()-K5)&" ngày","Còn "&(K5-TODAY())&" ngày")))) -> Còn 7 ngày
A6: 0.2 | B6: 0. Chuẩn bị | C6: Freeze baseline | D6: Ghi hash model, commit lib, resampler, downmix, cách gộp overlap, tham số và thứ tự hậu xử lý, version dữ liệu và script; gắn git tag | E6: Snapshot (cột Baseline) | F6: Mọi mục Snapshot có giá trị; có git tag | G6: Snapshot | H6: 0.1 | M6: Chưa làm | N6: =IF(K6="","",IF(L6<>"",IF(L6>K6,"Xong trễ "&(L6-K6)&" ngày","Đúng hạn"),IF(OR(M6="Đạt",M6="Không áp dụng"),"",IF(TODAY()>K6,"Trễ "&(TODAY()-K6)&" ngày","Còn "&(K6-TODAY())&" ngày"))))
A7: 0.3 | B7: 0. Chuẩn bị | C7: Hợp đồng input app ↔ lib | D7: Chốt sample rate, số kênh, kiểu mẫu và độ dài tối đa lib nhận; ai chịu trách nhiệm downmix | E7: Mục Input lib trong Snapshot | F7: App và lib cùng xác nhận | G7: Snapshot | H7: 0.1 | M7: Chưa làm | N7: =IF(K7="","",IF(L7<>"",IF(L7>K7,"Xong trễ "&(L7-K7)&" ngày","Đúng hạn"),IF(OR(M7="Đạt",M7="Không áp dụng"),"",IF(TODAY()>K7,"Trễ "&(TODAY()-K7)&" ngày","Còn "&(K7-TODAY())&" ngày"))))
A8: Q1 | B8: Q. Chất lượng offline | C8: ='Quy trinh 8 buoc'!B5 -> Chia dữ liệu | D8: ='Quy trinh 8 buoc'!D5 -> Chia dev ~30% / test ~70% theo nguồn gốc bản ghi (không theo clip); phân tầng theo category; bổ sung tập thật/khó (tự thu hoặc AVA-Speech). | E8: ='Quy trinh 8 buoc'!E5 -> Danh sách file dev/test + cột group | F8: 0 nhóm vắt qua dev/test (mục 2a) | G8: Quy trinh 8 buoc | H8: 0.2 | M8: ='Quy trinh 8 buoc'!G5 -> Chưa làm | N8: =IF(K8="","",IF(L8<>"",IF(L8>K8,"Xong trễ "&(L8-K8)&" ngày","Đúng hạn"),IF(OR(M8="Đạt",M8="Không áp dụng"),"",IF(TODAY()>K8,"Trễ "&(TODAY()-K8)&" ngày","Còn "&(K8-TODAY())&" ngày"))))
A9: Q2 | B9: Q. Chất lượng offline | C9: ='Quy trinh 8 buoc'!B6 -> Chuẩn hóa GT | D9: ='Quy trinh 8 buoc'!D6 -> Tính frac_speech mỗi bin; gắn cờ bin biên (±1 bin) và bin mơ hồ; quy tắc rebin model trùng quy tắc tạo GT; gắn metadata (category, SNR, loại nền, loại giọng). | E9: ='Quy trinh 8 buoc'!E6 -> Bảng bin: file, bin, y, frac, is_boundary, is_ambiguous, metadata | F9: Bảng bin có đủ cột is_boundary, is_ambiguous, metadata | G9: Quy trinh 8 buoc | H9: Q1 | M9: ='Quy trinh 8 buoc'!G6 -> Chưa làm | N9: =IF(K9="","",IF(L9<>"",IF(L9>K9,"Xong trễ "&(L9-K9)&" ngày","Đúng hạn"),IF(OR(M9="Đạt",M9="Không áp dụng"),"",IF(TODAY()>K9,"Trễ "&(TODAY()-K9)&" ngày","Còn "&(K9-TODAY())&" ngày"))))
A10: Q3 | B10: Q. Chất lượng offline | C10: ='Quy trinh 8 buoc'!B7 -> Kiểm tra alignment & rò rỉ | D10: ='Quy trinh 8 buoc'!D7 -> Chạy sheet 'Kiem tra du lieu' (mục 5a–5e, 2a–2c): ghép file, thời lượng, 16 kHz mono, offset +0.48s, quét shift ±1s. | E10: ='Quy trinh 8 buoc'!E7 -> Bảng cờ theo file; đồ thị F1 theo shift | F10: Các mục 5a–5e, 2a–2c Đạt | G10: Kiem tra du lieu | H10: Q2 | M10: ='Quy trinh 8 buoc'!G7 -> Chưa làm | N10: =IF(K10="","",IF(L10<>"",IF(L10>K10,"Xong trễ "&(L10-K10)&" ngày","Đúng hạn"),IF(OR(M10="Đạt",M10="Không áp dụng"),"",IF(TODAY()>K10,"Trễ "&(TODAY()-K10)&" ngày","Còn "&(K10-TODAY())&" ngày"))))
A11: Q4 | B11: Q. Chất lượng offline | C11: ='Quy trinh 8 buoc'!B8 -> Tầng A – điểm thô | D11: ='Quy trinh 8 buoc'!D8 -> ROC-AUC, PR-AUC, DET, TPR@FPR=1%/5%, reliability diagram; micro + macro theo file/category; trên 3 tập bin: tất cả / không biên / rõ ràng. | E11: ='Quy trinh 8 buoc'!E8 -> Bảng metric tầng A + ROC/PR/DET | F11: AUC, PR-AUC, DET có CI; báo trên 3 tập bin | G11: Quy trinh 8 buoc | H11: Q3 | M11: ='Quy trinh 8 buoc'!G8 -> Chưa làm | N11: =IF(K11="","",IF(L11<>"",IF(L11>K11,"Xong trễ "&(L11-K11)&" ngày","Đúng hạn"),IF(OR(M11="Đạt",M11="Không áp dụng"),"",IF(TODAY()>K11,"Trễ "&(TODAY()-K11)&" ngày","Còn "&(K11-TODAY())&" ngày"))))
A12: Q5 | B12: Q. Chất lượng offline | C12: ='Quy trinh 8 buoc'!B9 -> Chọn ngưỡng trên dev | D12: ='Quy trinh 8 buoc'!D9 -> Quét ngưỡng qua TOÀN pipeline trên dev; tối thiểu DCF hoặc cố định FAR; ghi lại ngưỡng Youden tầng A để so sánh; bootstrap CI của ngưỡng. | E12: ='Quy trinh 8 buoc'!E9 -> Ngưỡng cố định cho test + CI | F12: Ngưỡng cố định + CI, ghi vào Snapshot | G12: Quy trinh 8 buoc | H12: Q4 | M12: ='Quy trinh 8 buoc'!G9 -> Chưa làm | N12: =IF(K12="","",IF(L12<>"",IF(L12>K12,"Xong trễ "&(L12-K12)&" ngày","Đúng hạn"),IF(OR(M12="Đạt",M12="Không áp dụng"),"",IF(TODAY()>K12,"Trễ "&(TODAY()-K12)&" ngày","Còn "&(K12-TODAY())&" ngày"))))
A13: Q6 | B13: Q. Chất lượng offline | C13: ='Quy trinh 8 buoc'!B10 -> Tầng B – đầu ra cuối (test) | D13: ='Quy trinh 8 buoc'!D10 -> MR, FAR, F1, DCF, DetER ở 3 chế độ (strict / ±1 bin / chỉ biên); tách FEC/MSC/OVER/NDS; event-F1 (t_collar=0.5s); fragmentation/over-merge; histogram Δonset/Δoffset. | E13: ='Quy trinh 8 buoc'!E10 -> Sheet 'Bao cao category' + đồ thị | F13: Bao cao category điền đủ, có CI | G13: Bao cao category | H13: Q5 | M13: ='Quy trinh 8 buoc'!G10 -> Chưa làm | N13: =IF(K13="","",IF(L13<>"",IF(L13>K13,"Xong trễ "&(L13-K13)&" ngày","Đúng hạn"),IF(OR(M13="Đạt",M13="Không áp dụng"),"",IF(TODAY()>K13,"Trễ "&(TODAY()-K13)&" ngày","Còn "&(K13-TODAY())&" ngày"))))
A14: Q7 | B14: Q. Chất lượng offline | C14: ='Quy trinh 8 buoc'!B11 -> Ablation hậu xử lý | D14: ='Quy trinh 8 buoc'!D11 -> Chạy A0–A4 và lưới quét pad/merge (sheet 'Ablation'); đếm riêng gap GT ≤1s bị lấp. | E14: ='Quy trinh 8 buoc'!E11 -> Bảng ablation + heatmap F1(pad, merge) | F14: Bảng A0–A4 + heatmap F1(pad, merge) | G14: Ablation | H14: Q5 | M14: ='Quy trinh 8 buoc'!G11 -> Chưa làm | N14: =IF(K14="","",IF(L14<>"",IF(L14>K14,"Xong trễ "&(L14-K14)&" ngày","Đúng hạn"),IF(OR(M14="Đạt",M14="Không áp dụng"),"",IF(TODAY()>K14,"Trễ "&(TODAY()-K14)&" ngày","Còn "&(K14-TODAY())&" ngày"))))
A15: Q8 | B15: Q. Chất lượng offline | C15: ='Quy trinh 8 buoc'!B12 -> Báo cáo | D15: ='Quy trinh 8 buoc'!D12 -> Mỗi metric kèm CI 95% bootstrap theo file; bảng per-category; top-K file lỗi đã nghe kiểm tra kèm nguyên nhân; báo cả số tổng hợp và số dữ liệu thật. | E15: ='Quy trinh 8 buoc'!E12 -> Báo cáo cuối | F15: Có CI, per-category, top-K lỗi đã nghe | G15: Quy trinh 8 buoc | H15: Q6, Q7 | M15: ='Quy trinh 8 buoc'!G12 -> Chưa làm | N15: =IF(K15="","",IF(L15<>"",IF(L15>K15,"Xong trễ "&(L15-K15)&" ngày","Đúng hạn"),IF(OR(M15="Đạt",M15="Không áp dụng"),"",IF(TODAY()>K15,"Trễ "&(TODAY()-K15)&" ngày","Còn "&(K15-TODAY())&" ngày"))))
A16: 1.1 | B16: 1. Chất lượng trên lib | C16: Parity Python ↔ lib | D16: Đưa cùng PCM vào Python reference và lib; so từ waveform sau resample/downmix đến F1 | E16: Parity mục B + danh sách file lệch | F16: Mọi mục PA Đạt với lib baseline | G16: Parity | H16: 0.2 | M16: Chưa làm | N16: =IF(K16="","",IF(L16<>"",IF(L16>K16,"Xong trễ "&(L16-K16)&" ngày","Đúng hạn"),IF(OR(M16="Đạt",M16="Không áp dụng"),"",IF(TODAY()>K16,"Trễ "&(TODAY()-K16)&" ngày","Còn "&(K16-TODAY())&" ngày"))))
A17: 1.2 | B17: 1. Chất lượng trên lib | C17: Tầng B trên output lib | D17: Chạy lại Bước 4–6 bằng output của lib; cập nhật Bao cao category – đây là số baseline chính thức | E17: Bao cao category (nguồn = lib) | F17: K01–K07 trong KPI va Gate lấy từ output lib | G17: Bao cao category | H17: 1.1, Q5 | M17: Chưa làm | N17: =IF(K17="","",IF(L17<>"",IF(L17>K17,"Xong trễ "&(L17-K17)&" ngày","Đúng hạn"),IF(OR(M17="Đạt",M17="Không áp dụng"),"",IF(TODAY()>K17,"Trễ "&(TODAY()-K17)&" ngày","Còn "&(K17-TODAY())&" ngày"))))
A18: 1.3 | B18: 1. Chất lượng trên lib | C18: Ablation gộp overlap, drop, thứ tự | D18: So các cách gộp score, quét drop, so thứ tự hậu xử lý; chọn cấu hình trên dev | E18: Ablation mục B, C, D | F18: Đã chọn và ghi vào Snapshot | G18: Ablation | H18: 1.2 | M18: Chưa làm | N18: =IF(K18="","",IF(L18<>"",IF(L18>K18,"Xong trễ "&(L18-K18)&" ngày","Đúng hạn"),IF(OR(M18="Đạt",M18="Không áp dụng"),"",IF(TODAY()>K18,"Trễ "&(TODAY()-K18)&" ngày","Còn "&(K18-TODAY())&" ngày"))))
A19: 2.1 | B19: 2. Hiệu năng | C19: Benchmark harness | D19: Tool C/C++ đọc PCM đã decode, gọi API lib, đo thời gian theo stage, xuất CSV | E19: Tool + script chạy lặp | F19: Hai lần chạy liên tiếp lệch < 5% | G19: Performance | H19: 0.2 | M19: Chưa làm | N19: =IF(K19="","",IF(L19<>"",IF(L19>K19,"Xong trễ "&(L19-K19)&" ngày","Đúng hạn"),IF(OR(M19="Đạt",M19="Không áp dụng"),"",IF(TODAY()>K19,"Trễ "&(TODAY()-K19)&" ngày","Còn "&(K19-TODAY())&" ngày"))))
A20: 2.2 | B20: 2. Hiệu năng | C20: Chuẩn hóa môi trường đo | D20: Cố định governor/tần số, core, số thread; định dạng PCM và tập file đo; warm-up; kiểm soát nhiệt | E20: Performance mục A | F20: Điền đủ mục A cho baseline | G20: Performance | H20: 2.1 | M20: Chưa làm | N20: =IF(K20="","",IF(L20<>"",IF(L20>K20,"Xong trễ "&(L20-K20)&" ngày","Đúng hạn"),IF(OR(M20="Đạt",M20="Không áp dụng"),"",IF(TODAY()>K20,"Trễ "&(TODAY()-K20)&" ngày","Còn "&(K20-TODAY())&" ngày"))))
A21: 2.3 | B21: 2. Hiệu năng | C21: Đo thời gian theo stage | D21: Downmix, resample, log-mel, inference, gộp overlap, hậu xử lý – ms cho mỗi phút audio; RTF; init | E21: Performance mục B, C | F21: Có số liệu đủ các stage và tổng | G21: Performance | H21: 2.2 | M21: Chưa làm | N21: =IF(K21="","",IF(L21<>"",IF(L21>K21,"Xong trễ "&(L21-K21)&" ngày","Đúng hạn"),IF(OR(M21="Đạt",M21="Không áp dụng"),"",IF(TODAY()>K21,"Trễ "&(TODAY()-K21)&" ngày","Còn "&(K21-TODAY())&" ngày"))))
A22: 2.4 | B22: 2. Hiệu năng | C22: Đo CPU & năng lượng | D22: Thời gian CPU / phút audio; công suất khi chạy và idle; rút sạc khi đo | E22: Performance mục D | F22: Hệ số biến thiên giữa các lần đo < 10% | G22: Performance | H22: 2.2 | M22: Chưa làm | N22: =IF(K22="","",IF(L22<>"",IF(L22>K22,"Xong trễ "&(L22-K22)&" ngày","Đúng hạn"),IF(OR(M22="Đạt",M22="Không áp dụng"),"",IF(TODAY()>K22,"Trễ "&(TODAY()-K22)&" ngày","Còn "&(K22-TODAY())&" ngày"))))
A23: 2.5 | B23: 2. Hiệu năng | C23: Đo bộ nhớ cố định & kích thước | D23: RSS do init, arena, kích thước model và .so | E23: Performance mục E | F23: Có số liệu đủ mục E | G23: Performance | H23: 2.2 | M23: Chưa làm | N23: =IF(K23="","",IF(L23<>"",IF(L23>K23,"Xong trễ "&(L23-K23)&" ngày","Đúng hạn"),IF(OR(M23="Đạt",M23="Không áp dụng"),"",IF(TODAY()>K23,"Trễ "&(TODAY()-K23)&" ngày","Còn "&(K23-TODAY())&" ngày"))))
A24: 3.1 | B24: 3. Biên, file dài & batch | C24: Nhãn mịn & độ chính xác biên | D24: Gán nhãn 10–20 ms cho tập con ~30–60 phút, đủ category; đo Δonset/Δoffset | E24: Tập nhãn mịn + Bien va timestamp mục A | F24: Có median và p95 cho Δonset, Δoffset | G24: Bien va timestamp | H24: Q2 | M24: Chưa làm | N24: =IF(K24="","",IF(L24<>"",IF(L24>K24,"Xong trễ "&(L24-K24)&" ngày","Đúng hạn"),IF(OR(M24="Đạt",M24="Không áp dụng"),"",IF(TODAY()>K24,"Trễ "&(TODAY()-K24)&" ngày","Còn "&(K24-TODAY())&" ngày"))))
A25: 3.2 | B25: 3. Biên, file dài & batch | C25: Vùng biên file & cửa sổ cuối | D25: Đo recall/FAR ở đầu, giữa, cuối file và phần dư < 0.96 s | E25: Bien va timestamp mục B | F25: Biết lib có mất speech ở cuối file không | G25: Bien va timestamp | H25: 1.2 | M25: Chưa làm | N25: =IF(K25="","",IF(L25<>"",IF(L25>K25,"Xong trễ "&(L25-K25)&" ngày","Đúng hạn"),IF(OR(M25="Đạt",M25="Không áp dụng"),"",IF(TODAY()>K25,"Trễ "&(TODAY()-K25)&" ngày","Còn "&(K25-TODAY())&" ngày"))))
A26: 3.3 | B26: 3. Biên, file dài & batch | C26: Căn chỉnh thời gian của lib | D26: Quét shift ±1 s trên output lib; kiểm số cửa sổ và segment trong biên file | E26: Bien va timestamp mục C | F26: Lệch đỉnh F1 = 0; 0 segment vượt biên | G26: Bien va timestamp | H26: 1.1 | M26: Chưa làm | N26: =IF(K26="","",IF(L26<>"",IF(L26>K26,"Xong trễ "&(L26-K26)&" ngày","Đúng hạn"),IF(OR(M26="Đạt",M26="Không áp dụng"),"",IF(TODAY()>K26,"Trễ "&(TODAY()-K26)&" ngày","Còn "&(K26-TODAY())&" ngày"))))
A27: 3.4 | B27: 3. Biên, file dài & batch | C27: Theo độ dài file | D27: Chạy file 1, 10, 60, 180, 480 phút; ghi thời gian và peak RSS | E27: File dai va batch mục A | F27: Biết độ dài tối đa chạy được và độ dốc RAM | G27: File dai va batch | H27: 2.1 | M27: Chưa làm | N27: =IF(K27="","",IF(L27<>"",IF(L27>K27,"Xong trễ "&(L27-K27)&" ngày","Đúng hạn"),IF(OR(M27="Đạt",M27="Không áp dụng"),"",IF(TODAY()>K27,"Trễ "&(TODAY()-K27)&" ngày","Còn "&(K27-TODAY())&" ngày"))))
... A38: 6.3 | B38: 6. Tích hợp decode (ngoài lib) | C38: Chi phí decode (tùy chọn) | D38: Thời gian và RAM decode so với thời gian lib | E38: Tich hop decode mục D | F38: Có số liệu | G38: Tich hop decode | H38: 2.3 | M38: Chưa làm | N38: =IF(K38="","",IF(L38<>"",IF(L38>K38,"Xong trễ "&(L38-K38)&" ngày","Đúng hạn"),IF(OR(M38="Đạt",M38="Không áp dụng"),"",IF(TODAY()>K38,"Trễ "&(TODAY()-K38)&" ngày","Còn "&(K38-TODAY())&" ngày"))))
C40: Tiến độ theo nhóm
C41: Nhóm | D41: Số bước | E41: Đạt | F41: Đang làm | G41: Không đạt | H41: Không áp dụng | I41: Tiến độ
C42: 0. Chuẩn bị | D42: =COUNTIF($B$5:$B$38,C42) -> 3 | E42: =COUNTIFS($B$5:$B$38,$C42,$M$5:$M$38,"Đạt") -> 0 | F42: =COUNTIFS($B$5:$B$38,$C42,$M$5:$M$38,"Đang làm") -> 0 | G42: =COUNTIFS($B$5:$B$38,$C42,$M$5:$M$38,"Không đạt") -> 0 | H42: =COUNTIFS($B$5:$B$38,$C42,$M$5:$M$38,"Không áp dụng") -> 0 | I42: =IFERROR(E42/(D42-H42),0) -> 0
C43: Q. Chất lượng offline | D43: =COUNTIF($B$5:$B$38,C43) -> 8 | E43: =COUNTIFS($B$5:$B$38,$C43,$M$5:$M$38,"Đạt") -> 0 | F43: =COUNTIFS($B$5:$B$38,$C43,$M$5:$M$38,"Đang làm") -> 0 | G43: =COUNTIFS($B$5:$B$38,$C43,$M$5:$M$38,"Không đạt") -> 0 | H43: =COUNTIFS($B$5:$B$38,$C43,$M$5:$M$38,"Không áp dụng") -> 0 | I43: =IFERROR(E43/(D43-H43),0) -> 0
C44: 1. Chất lượng trên lib | D44: =COUNTIF($B$5:$B$38,C44) -> 3 | E44: =COUNTIFS($B$5:$B$38,$C44,$M$5:$M$38,"Đạt") -> 0 | F44: =COUNTIFS($B$5:$B$38,$C44,$M$5:$M$38,"Đang làm") -> 0 | G44: =COUNTIFS($B$5:$B$38,$C44,$M$5:$M$38,"Không đạt") -> 0 | H44: =COUNTIFS($B$5:$B$38,$C44,$M$5:$M$38,"Không áp dụng") -> 0 | I44: =IFERROR(E44/(D44-H44),0) -> 0
C45: 2. Hiệu năng | D45: =COUNTIF($B$5:$B$38,C45) -> 5 | E45: =COUNTIFS($B$5:$B$38,$C45,$M$5:$M$38,"Đạt") -> 0 | F45: =COUNTIFS($B$5:$B$38,$C45,$M$5:$M$38,"Đang làm") -> 0 | G45: =COUNTIFS($B$5:$B$38,$C45,$M$5:$M$38,"Không đạt") -> 0 | H45: =COUNTIFS($B$5:$B$38,$C45,$M$5:$M$38,"Không áp dụng") -> 0 | I45: =IFERROR(E45/(D45-H45),0) -> 0
C46: 3. Biên, file dài & batch | D46: =COUNTIF($B$5:$B$38,C46) -> 6 | E46: =COUNTIFS($B$5:$B$38,$C46,$M$5:$M$38,"Đạt") -> 0 | F46: =COUNTIFS($B$5:$B$38,$C46,$M$5:$M$38,"Đang làm") -> 0 | G46: =COUNTIFS($B$5:$B$38,$C46,$M$5:$M$38,"Không đạt") -> 0 | H46: =COUNTIFS($B$5:$B$38,$C46,$M$5:$M$38,"Không áp dụng") -> 0 | I46: =IFERROR(E46/(D46-H46),0) -> 0
C47: 4. Độ bền & chức năng | D47: =COUNTIF($B$5:$B$38,C47) -> 2 | E47: =COUNTIFS($B$5:$B$38,$C47,$M$5:$M$38,"Đạt") -> 0 | F47: =COUNTIFS($B$5:$B$38,$C47,$M$5:$M$38,"Đang làm") -> 0 | G47: =COUNTIFS($B$5:$B$38,$C47,$M$5:$M$38,"Không đạt") -> 0 | H47: =COUNTIFS($B$5:$B$38,$C47,$M$5:$M$38,"Không áp dụng") -> 0 | I47: =IFERROR(E47/(D47-H47),0) -> 0
C48: 5. So sánh & chốt | D48: =COUNTIF($B$5:$B$38,C48) -> 4 | E48: =COUNTIFS($B$5:$B$38,$C48,$M$5:$M$38,"Đạt") -> 0 | F48: =COUNTIFS($B$5:$B$38,$C48,$M$5:$M$38,"Đang làm") -> 0 | G48: =COUNTIFS($B$5:$B$38,$C48,$M$5:$M$38,"Không đạt") -> 0 | H48: =COUNTIFS($B$5:$B$38,$C48,$M$5:$M$38,"Không áp dụng") -> 0 | I48: =IFERROR(E48/(D48-H48),0) -> 0
C49: 6. Tích hợp decode (ngoài lib) | D49: =COUNTIF($B$5:$B$38,C49) -> 3 | E49: =COUNTIFS($B$5:$B$38,$C49,$M$5:$M$38,"Đạt") -> 0 | F49: =COUNTIFS($B$5:$B$38,$C49,$M$5:$M$38,"Đang làm") -> 0 | G49: =COUNTIFS($B$5:$B$38,$C49,$M$5:$M$38,"Không đạt") -> 0 | H49: =COUNTIFS($B$5:$B$38,$C49,$M$5:$M$38,"Không áp dụng") -> 0 | I49: =IFERROR(E49/(D49-H49),0) -> 0
C50: Tổng | D50: =SUM(D42:D49) -> 34 | E50: =SUM(E42:E49) -> 0 | F50: =SUM(F42:F49) -> 0 | G50: =SUM(G42:G49) -> 0 | H50: =SUM(H42:H49) -> 0 | I50: =IFERROR(E50/(D50-H50),0) -> 0
C51: Số bước đang trễ hạn | D51: =COUNTIF(N5:N38,"Trễ *") -> 0

Sheet KPI va Gate
A1: KPI và regression gate của lib – baseline vs candidate
A2: Baseline/candidate tự lấy từ sheet nguồn (chữ đen) hoặc bạn điền (vàng). Hướng tốt: Cao = càng cao càng tốt. Dung sai = mức xấu đi tối đa so với baseline, cùng đơn vị. Decode không tính vào gate.
A4: Mã | B4: Nhóm | C4: KPI | D4: Đơn vị | E4: Hướng tốt | F4: Baseline | G4: Candidate | H4: Δ | I4: Δ % | J4: Target | K4: Dung sai | L4: Đạt target? | M4: Không thụt lùi? | N4: Kết luận | O4: CI Δ thấp | P4: CI Δ cao | Q4: Δ có ý nghĩa? | R4: Nguồn | S4: Ghi chú
A5: K01 | B5: Chất lượng | C5: F1 strict (macro, output lib) | D5: – | E5: Cao | F5: =IF('Bao cao category'!J15="","",'Bao cao category'!J15) -> 0.935 | H5: =IF(OR(F5="",G5=""),"",G5-F5) | I5: =IF(OR(F5="",G5=""),"",IFERROR((G5-F5)/ABS(F5),"")) | K5: 0.005 | L5: =IF(OR(G5="",J5=""),"",IF(E5="Thấp",IF(G5<=J5,"Có","Không"),IF(G5>=J5,"Có","Không"))) | M5: =IF(OR(F5="",G5="",K5=""),"",IF(E5="Thấp",IF(G5<=F5+K5,"Có","Không"),IF(G5>=F5-K5,"Có","Không"))) | N5: =IF(G5="","Chưa đo",IF(OR(L5="Không",M5="Không"),"Không đạt",IF(AND(L5="",M5=""),"Chưa có tiêu chí","Đạt"))) -> Chưa đo | Q5: =IF(OR(O5="",P5=""),"",IF(OR(O5>0,P5<0),"Có","Không")) | R5: Bao cao category
A6: K02 | B6: Chất lượng | C6: F1 ±1 bin (macro) | D6: – | E6: Cao | F6: =IF('Bao cao category'!K15="","",'Bao cao category'!K15) -> 0.97 | H6: =IF(OR(F6="",G6=""),"",G6-F6) | I6: =IF(OR(F6="",G6=""),"",IFERROR((G6-F6)/ABS(F6),"")) | K6: 0.005 | L6: =IF(OR(G6="",J6=""),"",IF(E6="Thấp",IF(G6<=J6,"Có","Không"),IF(G6>=J6,"Có","Không"))) | M6: =IF(OR(F6="",G6="",K6=""),"",IF(E6="Thấp",IF(G6<=F6+K6,"Có","Không"),IF(G6>=F6-K6,"Có","Không"))) | N6: =IF(G6="","Chưa đo",IF(OR(L6="Không",M6="Không"),"Không đạt",IF(AND(L6="",M6=""),"Chưa có tiêu chí","Đạt"))) -> Chưa đo | Q6: =IF(OR(O6="",P6=""),"",IF(OR(O6>0,P6<0),"Có","Không")) | R6: Bao cao category
A7: K03 | B7: Chất lượng | C7: DCF (macro) | D7: – | E7: Thấp | F7: =IF('Bao cao category'!N15="","",'Bao cao category'!N15) -> 0.045 | H7: =IF(OR(F7="",G7=""),"",G7-F7) | I7: =IF(OR(F7="",G7=""),"",IFERROR((G7-F7)/ABS(F7),"")) | K7: 0.005 | L7: =IF(OR(G7="",J7=""),"",IF(E7="Thấp",IF(G7<=J7,"Có","Không"),IF(G7>=J7,"Có","Không"))) | M7: =IF(OR(F7="",G7="",K7=""),"",IF(E7="Thấp",IF(G7<=F7+K7,"Có","Không"),IF(G7>=F7-K7,"Có","Không"))) | N7: =IF(G7="","Chưa đo",IF(OR(L7="Không",M7="Không"),"Không đạt",IF(AND(L7="",M7=""),"Chưa có tiêu chí","Đạt"))) -> Chưa đo | Q7: =IF(OR(O7="",P7=""),"",IF(OR(O7>0,P7<0),"Có","Không")) | R7: Bao cao category
A8: K04 | B8: Chất lượng | C8: Miss rate (macro) | D8: % | E8: Thấp | F8: =IF('Bao cao category'!D15="","",'Bao cao category'!D15) -> 0.04 | H8: =IF(OR(F8="",G8=""),"",G8-F8) | I8: =IF(OR(F8="",G8=""),"",IFERROR((G8-F8)/ABS(F8),"")) | K8: 0.01 | L8: =IF(OR(G8="",J8=""),"",IF(E8="Thấp",IF(G8<=J8,"Có","Không"),IF(G8>=J8,"Có","Không"))) | M8: =IF(OR(F8="",G8="",K8=""),"",IF(E8="Thấp",IF(G8<=F8+K8,"Có","Không"),IF(G8>=F8-K8,"Có","Không"))) | N8: =IF(G8="","Chưa đo",IF(OR(L8="Không",M8="Không"),"Không đạt",IF(AND(L8="",M8=""),"Chưa có tiêu chí","Đạt"))) -> Chưa đo | Q8: =IF(OR(O8="",P8=""),"",IF(OR(O8>0,P8<0),"Có","Không")) | R8: Bao cao category
A9: K05 | B9: Chất lượng | C9: False alarm rate (macro) | D9: % | E9: Thấp | F9: =IF('Bao cao category'!E15="","",'Bao cao category'!E15) -> 0.06 | H9: =IF(OR(F9="",G9=""),"",G9-F9) | I9: =IF(OR(F9="",G9=""),"",IFERROR((G9-F9)/ABS(F9),"")) | K9: 0.01 | L9: =IF(OR(G9="",J9=""),"",IF(E9="Thấp",IF(G9<=J9,"Có","Không"),IF(G9>=J9,"Có","Không"))) | M9: =IF(OR(F9="",G9="",K9=""),"",IF(E9="Thấp",IF(G9<=F9+K9,"Có","Không"),IF(G9>=F9-K9,"Có","Không"))) | N9: =IF(G9="","Chưa đo",IF(OR(L9="Không",M9="Không"),"Không đạt",IF(AND(L9="",M9=""),"Chưa có tiêu chí","Đạt"))) -> Chưa đo | Q9: =IF(OR(O9="",P9=""),"",IF(OR(O9>0,P9<0),"Có","Không")) | R9: Bao cao category
A10: K06 | B10: Chất lượng | C10: ROC-AUC tầng A (output lib) | D10: – | E10: Cao | H10: =IF(OR(F10="",G10=""),"",G10-F10) | I10: =IF(OR(F10="",G10=""),"",IFERROR((G10-F10)/ABS(F10),"")) | K10: 0.002 | L10: =IF(OR(G10="",J10=""),"",IF(E10="Thấp",IF(G10<=J10,"Có","Không"),IF(G10>=J10,"Có","Không"))) | M10: =IF(OR(F10="",G10="",K10=""),"",IF(E10="Thấp",IF(G10<=F10+K10,"Có","Không"),IF(G10>=F10-K10,"Có","Không"))) | N10: =IF(G10="","Chưa đo",IF(OR(L10="Không",M10="Không"),"Không đạt",IF(AND(L10="",M10=""),"Chưa có tiêu chí","Đạt"))) -> Chưa đo | Q10: =IF(OR(O10="",P10=""),"",IF(OR(O10>0,P10<0),"Có","Không")) | R10: Bước 4
A11: K07 | B11: Chất lượng | C11: Event-F1 (collar 0.5 s) – output cuối là segment | D11: – | E11: Cao | H11: =IF(OR(F11="",G11=""),"",G11-F11) | I11: =IF(OR(F11="",G11=""),"",IFERROR((G11-F11)/ABS(F11),"")) | K11: 0.01 | L11: =IF(OR(G11="",J11=""),"",IF(E11="Thấp",IF(G11<=J11,"Có","Không"),IF(G11>=J11,"Có","Không"))) | M11: =IF(OR(F11="",G11="",K11=""),"",IF(E11="Thấp",IF(G11<=F11+K11,"Có","Không"),IF(G11>=F11-K11,"Có","Không"))) | N11: =IF(G11="","Chưa đo",IF(OR(L11="Không",M11="Không"),"Không đạt",IF(AND(L11="",M11=""),"Chưa có tiêu chí","Đạt"))) -> Chưa đo | Q11: =IF(OR(O11="",P11=""),"",IF(OR(O11>0,P11<0),"Có","Không")) | R11: Bước 6
A12: K08 | B12: Biên & file | C12: |Δonset| p95 trên nhãn mịn | D12: ms | E12: Thấp | F12: =IF('Bien va timestamp'!C9="","",'Bien va timestamp'!C9) | G12: =IF('Bien va timestamp'!D9="","",'Bien va timestamp'!D9) | H12: =IF(OR(F12="",G12=""),"",G12-F12) | I12: =IF(OR(F12="",G12=""),"",IFERROR((G12-F12)/ABS(F12),"")) | K12: 20 | L12: =IF(OR(G12="",J12=""),"",IF(E12="Thấp",IF(G12<=J12,"Có","Không"),IF(G12>=J12,"Có","Không"))) | M12: =IF(OR(F12="",G12="",K12=""),"",IF(E12="Thấp",IF(G12<=F12+K12,"Có","Không"),IF(G12>=F12-K12,"Có","Không"))) | N12: =IF(G12="","Chưa đo",IF(OR(L12="Không",M12="Không"),"Không đạt",IF(AND(L12="",M12=""),"Chưa có tiêu chí","Đạt"))) -> Chưa đo | Q12: =IF(OR(O12="",P12=""),"",IF(OR(O12>0,P12<0),"Có","Không")) | R12: Bien va timestamp
A13: K09 | B13: Biên & file | C13: |Δoffset| p95 trên nhãn mịn | D13: ms | E13: Thấp | F13: =IF('Bien va timestamp'!C11="","",'Bien va timestamp'!C11) | G13: =IF('Bien va timestamp'!D11="","",'Bien va timestamp'!D11) | H13: =IF(OR(F13="",G13=""),"",G13-F13) | I13: =IF(OR(F13="",G13=""),"",IFERROR((G13-F13)/ABS(F13),"")) | K13: 20 | L13: =IF(OR(G13="",J13=""),"",IF(E13="Thấp",IF(G13<=J13,"Có","Không"),IF(G13>=J13,"Có","Không"))) | M13: =IF(OR(F13="",G13="",K13=""),"",IF(E13="Thấp",IF(G13<=F13+K13,"Có","Không"),IF(G13>=F13-K13,"Có","Không"))) | N13: =IF(G13="","Chưa đo",IF(OR(L13="Không",M13="Không"),"Không đạt",IF(AND(L13="",M13=""),"Chưa có tiêu chí","Đạt"))) -> Chưa đo | Q13: =IF(OR(O13="",P13=""),"",IF(OR(O13>0,P13<0),"Có","Không")) | R13: Bien va timestamp
A14: K10 | B14: Biên & file | C14: Recall 1 s cuối file | D14: % | E14: Cao | F14: =IF('Bien va timestamp'!B18="","",'Bien va timestamp'!B18) | G14: =IF('Bien va timestamp'!D18="","",'Bien va timestamp'!D18) | H14: =IF(OR(F14="",G14=""),"",G14-F14) | I14: =IF(OR(F14="",G14=""),"",IFERROR((G14-F14)/ABS(F14),"")) | K14: 0.02 | L14: =IF(OR(G14="",J14=""),"",IF(E14="Thấp",IF(G14<=J14,"Có","Không"),IF(G14>=J14,"Có","Không"))) | M14: =IF(OR(F14="",G14="",K14=""),"",IF(E14="Thấp",IF(G14<=F14+K14,"Có","Không"),IF(G14>=F14-K14,"Có","Không"))) | N14: =IF(G14="","Chưa đo",IF(OR(L14="Không",M14="Không"),"Không đạt",IF(AND(L14="",M14=""),"Chưa có tiêu chí","Đạt"))) -> Chưa đo | Q14: =IF(OR(O14="",P14=""),"",IF(OR(O14>0,P14<0),"Có","Không")) | R14: Bien va timestamp
A15: K11 | B15: Biên & file | C15: Lệch đỉnh F1 khi quét shift | D15: ms | E15: Thấp | F15: =IF('Bien va timestamp'!C24="","",'Bien va timestamp'!C24) -> 0 | G15: =IF('Bien va timestamp'!D24="","",'Bien va timestamp'!D24) | H15: =IF(OR(F15="",G15=""),"",G15-F15) | I15: =IF(OR(F15="",G15=""),"",IFERROR((G15-F15)/ABS(F15),"")) | K15: 0 | L15: =IF(OR(G15="",J15=""),"",IF(E15="Thấp",IF(G15<=J15,"Có","Không"),IF(G15>=J15,"Có","Không"))) | M15: =IF(OR(F15="",G15="",K15=""),"",IF(E15="Thấp",IF(G15<=F15+K15,"Có","Không"),IF(G15>=F15-K15,"Có","Không"))) | N15: =IF(G15="","Chưa đo",IF(OR(L15="Không",M15="Không"),"Không đạt",IF(AND(L15="",M15=""),"Chưa có tiêu chí","Đạt"))) -> Chưa đo | Q15: =IF(OR(O15="",P15=""),"",IF(OR(O15>0,P15<0),"Có","Không")) | R15: Bien va timestamp
A16: K12 | B16: Biên & file | C16: FA/giờ trên audio không lời | D16: lần/giờ | E16: Thấp | F16: =IF('File dai va batch'!D37="","",'File dai va batch'!D37) -> 1.5 | G16: =IF('File dai va batch'!F37="","",'File dai va batch'!F37) | H16: =IF(OR(F16="",G16=""),"",G16-F16) | I16: =IF(OR(F16="",G16=""),"",IFERROR((G16-F16)/ABS(F16),"")) | K16: 0.5 | L16: =IF(OR(G16="",J16=""),"",IF(E16="Thấp",IF(G16<=J16,"Có","Không"),IF(G16>=J16,"Có","Không"))) | M16: =IF(OR(F16="",G16="",K16=""),"",IF(E16="Thấp",IF(G16<=F16+K16,"Có","Không"),IF(G16>=F16-K16,"Có","Không"))) | N16: =IF(G16="","Chưa đo",IF(OR(L16="Không",M16="Không"),"Không đạt",IF(AND(L16="",M16=""),"Chưa có tiêu chí","Đạt"))) -> Chưa đo | Q16: =IF(OR(O16="",P16=""),"",IF(OR(O16>0,P16<0),"Có","Không")) | R16: File dai va batch
A17: K13 | B17: Độ bền | C17: F1 thấp nhất trong robustness sweep | D17: – | E17: Cao | F17: =Robustness!C31 -> 0.936 | G17: =Robustness!C32 | H17: =IF(OR(F17="",G17=""),"",G17-F17) | I17: =IF(OR(F17="",G17=""),"",IFERROR((G17-F17)/ABS(F17),"")) | K17: 0.01 | L17: =IF(OR(G17="",J17=""),"",IF(E17="Thấp",IF(G17<=J17,"Có","Không"),IF(G17>=J17,"Có","Không"))) | M17: =IF(OR(F17="",G17="",K17=""),"",IF(E17="Thấp",IF(G17<=F17+K17,"Có","Không"),IF(G17>=F17-K17,"Có","Không"))) | N17: =IF(G17="","Chưa đo",IF(OR(L17="Không",M17="Không"),"Không đạt",IF(AND(L17="",M17=""),"Chưa có tiêu chí","Đạt"))) -> Chưa đo | Q17: =IF(OR(O17="",P17=""),"",IF(OR(O17>0,P17<0),"Có","Không")) | R17: Robustness
A18: K14 | B18: Độ bền | C18: Parity: % bin khác Python sau hậu xử lý | D18: % | E18: Thấp | F18: =IF(Parity!F20="","",Parity!F20) | G18: =IF(Parity!H20="","",Parity!H20) | H18: =IF(OR(F18="",G18=""),"",G18-F18) | I18: =IF(OR(F18="",G18=""),"",IFERROR((G18-F18)/ABS(F18),"")) | K18: 0.001 | L18: =IF(OR(G18="",J18=""),"",IF(E18="Thấp",IF(G18<=J18,"Có","Không"),IF(G18>=J18,"Có","Không"))) | M18: =IF(OR(F18="",G18="",K18=""),"",IF(E18="Thấp",IF(G18<=F18+K18,"Có","Không"),IF(G18>=F18-K18,"Có","Không"))) | N18: =IF(G18="","Chưa đo",IF(OR(L18="Không",M18="Không"),"Không đạt",IF(AND(L18="",M18=""),"Chưa có tiêu chí","Đạt"))) -> Chưa đo | Q18: =IF(OR(O18="",P18=""),"",IF(OR(O18>0,P18<0),"Có","Không")) | R18: Parity
A19: K15 | B19: Độ bền | C19: Test chức năng Không đạt (khi đã chạy hết) | D19: test | E19: Thấp | F19: =IF('Test chuc nang'!F39>0,"",'Test chuc nang'!F38) | G19: =IF('Test chuc nang'!G39>0,"",'Test chuc nang'!G38) | H19: =IF(OR(F19="",G19=""),"",G19-F19) | I19: =IF(OR(F19="",G19=""),"",IFERROR((G19-F19)/ABS(F19),"")) | K19: 0 | L19: =IF(OR(G19="",J19=""),"",IF(E19="Thấp",IF(G19<=J19,"Có","Không"),IF(G19>=J19,"Có","Không"))) | M19: =IF(OR(F19="",G19="",K19=""),"",IF(E19="Thấp",IF(G19<=F19+K19,"Có","Không"),IF(G19>=F19-K19,"Có","Không"))) | N19: =IF(G19="","Chưa đo",IF(OR(L19="Không",M19="Không"),"Không đạt",IF(AND(L19="",M19=""),"Chưa có tiêu chí","Đạt"))) -> Chưa đo | Q19: =IF(OR(O19="",P19=""),"",IF(OR(O19>0,P19<0),"Có","Không")) | R19: Test chuc nang
A20: K16 | B20: Hiệu năng | C20: RTF mean | D20: – | E20: Thấp | F20: =IF(Performance!C36="","",Performance!C36) -> 0.16005 | G20: =IF(Performance!F36="","",Performance!F36) | H20: =IF(OR(F20="",G20=""),"",G20-F20) | I20: =IF(OR(F20="",G20=""),"",IFERROR((G20-F20)/ABS(F20),"")) | K20: 0.005 | L20: =IF(OR(G20="",J20=""),"",IF(E20="Thấp",IF(G20<=J20,"Có","Không"),IF(G20>=J20,"Có","Không"))) | M20: =IF(OR(F20="",G20="",K20=""),"",IF(E20="Thấp",IF(G20<=F20+K20,"Có","Không"),IF(G20>=F20-K20,"Có","Không"))) | N20: =IF(G20="","Chưa đo",IF(OR(L20="Không",M20="Không"),"Không đạt",IF(AND(L20="",M20=""),"Chưa có tiêu chí","Đạt"))) -> Chưa đo | Q20: =IF(OR(O20="",P20=""),"",IF(OR(O20>0,P20<0),"Có","Không")) | R20: Performance
A21: K17 | B21: Hiệu năng | C21: RTF p95 | D21: – | E21: Thấp | F21: =IF(Performance!C37="","",Performance!C37) -> 0.17166667 | G21: =IF(Performance!F37="","",Performance!F37) | H21: =IF(OR(F21="",G21=""),"",G21-F21) | I21: =IF(OR(F21="",G21=""),"",IFERROR((G21-F21)/ABS(F21),"")) | K21: 0.005 | L21: =IF(OR(G21="",J21=""),"",IF(E21="Thấp",IF(G21<=J21,"Có","Không"),IF(G21>=J21,"Có","Không"))) | M21: =IF(OR(F21="",G21="",K21=""),"",IF(E21="Thấp",IF(G21<=F21+K21,"Có","Không"),IF(G21>=F21-K21,"Có","Không"))) | N21: =IF(G21="","Chưa đo",IF(OR(L21="Không",M21="Không"),"Không đạt",IF(AND(L21="",M21=""),"Chưa có tiêu chí","Đạt"))) -> Chưa đo | Q21: =IF(OR(O21="",P21=""),"",IF(OR(O21>0,P21<0),"Có","Không")) | R21: Performance
A22: K18 | B22: Hiệu năng | C22: Thời gian CPU cho 1 phút audio | D22: s | E22: Thấp | F22: =IF(Performance!C46="","",Performance!C46) -> 9.8 | G22: =IF(Performance!F46="","",Performance!F46) | H22: =IF(OR(F22="",G22=""),"",G22-F22) | I22: =IF(OR(F22="",G22=""),"",IFERROR((G22-F22)/ABS(F22),"")) | K22: 0.2 | L22: =IF(OR(G22="",J22=""),"",IF(E22="Thấp",IF(G22<=J22,"Có","Không"),IF(G22>=J22,"Có","Không"))) | M22: =IF(OR(F22="",G22="",K22=""),"",IF(E22="Thấp",IF(G22<=F22+K22,"Có","Không"),IF(G22>=F22-K22,"Có","Không"))) | N22: =IF(G22="","Chưa đo",IF(OR(L22="Không",M22="Không"),"Không đạt",IF(AND(L22="",M22=""),"Chưa có tiêu chí","Đạt"))) -> Chưa đo | Q22: =IF(OR(O22="",P22=""),"",IF(OR(O22>0,P22<0),"Có","Không")) | R22: Performance
A23: K19 | B23: Hiệu năng | C23: Năng lượng cho 1 phút audio | D23: J | E23: Thấp | F23: =IF(Performance!C51="","",Performance!C51) -> 11.5236 | G23: =IF(Performance!F51="","",Performance!F51) | H23: =IF(OR(F23="",G23=""),"",G23-F23) | I23: =IF(OR(F23="",G23=""),"",IFERROR((G23-F23)/ABS(F23),"")) | K23: 0.5 | L23: =IF(OR(G23="",J23=""),"",IF(E23="Thấp",IF(G23<=J23,"Có","Không"),IF(G23>=J23,"Có","Không"))) | M23: =IF(OR(F23="",G23="",K23=""),"",IF(E23="Thấp",IF(G23<=F23+K23,"Có","Không"),IF(G23>=F23-K23,"Có","Không"))) | N23: =IF(G23="","Chưa đo",IF(OR(L23="Không",M23="Không"),"Không đạt",IF(AND(L23="",M23=""),"Chưa có tiêu chí","Đạt"))) -> Chưa đo | Q23: =IF(OR(O23="",P23=""),"",IF(OR(O23>0,P23<0),"Có","Không")) | R23: Performance
A24: K20 | B24: Hiệu năng | C24: Peak RSS với file 60 phút | D24: MB | E24: Thấp | F24: =IF('File dai va batch'!C23="","",'File dai va batch'!C23) | G24: =IF('File dai va batch'!D23="","",'File dai va batch'!D23) | H24: =IF(OR(F24="",G24=""),"",G24-F24) | I24: =IF(OR(F24="",G24=""),"",IFERROR((G24-F24)/ABS(F24),"")) | K24: 5 | L24: =IF(OR(G24="",J24=""),"",IF(E24="Thấp",IF(G24<=J24,"Có","Không"),IF(G24>=J24,"Có","Không"))) | M24: =IF(OR(F24="",G24="",K24=""),"",IF(E24="Thấp",IF(G24<=F24+K24,"Có","Không"),IF(G24>=F24-K24,"Có","Không"))) | N24: =IF(G24="","Chưa đo",IF(OR(L24="Không",M24="Không"),"Không đạt",IF(AND(L24="",M24=""),"Chưa có tiêu chí","Đạt"))) -> Chưa đo | Q24: =IF(OR(O24="",P24=""),"",IF(OR(O24>0,P24<0),"Có","Không")) | R24: File dai va batch
A25: K21 | B25: Hiệu năng | C25: RSS tăng theo độ dài file | D25: MB/phút | E25: Thấp | F25: =IF('File dai va batch'!C22="","",'File dai va batch'!C22) | G25: =IF('File dai va batch'!D22="","",'File dai va batch'!D22) | H25: =IF(OR(F25="",G25=""),"",G25-F25) | I25: =IF(OR(F25="",G25=""),"",IFERROR((G25-F25)/ABS(F25),"")) | K25: 0.1 | L25: =IF(OR(G25="",J25=""),"",IF(E25="Thấp",IF(G25<=J25,"Có","Không"),IF(G25>=J25,"Có","Không"))) | M25: =IF(OR(F25="",G25="",K25=""),"",IF(E25="Thấp",IF(G25<=F25+K25,"Có","Không"),IF(G25>=F25-K25,"Có","Không"))) | N25: =IF(G25="","Chưa đo",IF(OR(L25="Không",M25="Không"),"Không đạt",IF(AND(L25="",M25=""),"Chưa có tiêu chí","Đạt"))) -> Chưa đo | Q25: =IF(OR(O25="",P25=""),"",IF(OR(O25>0,P25<0),"Có","Không")) | R25: File dai va batch
A26: K22 | B26: Hiệu năng | C26: RSS tăng mỗi 100 file | D26: MB | E26: Thấp | F26: =IF('File dai va batch'!C25="","",'File dai va batch'!C25) | G26: =IF('File dai va batch'!D25="","",'File dai va batch'!D25) | H26: =IF(OR(F26="",G26=""),"",G26-F26) | I26: =IF(OR(F26="",G26=""),"",IFERROR((G26-F26)/ABS(F26),"")) | K26: 0.5 | L26: =IF(OR(G26="",J26=""),"",IF(E26="Thấp",IF(G26<=J26,"Có","Không"),IF(G26>=J26,"Có","Không"))) | M26: =IF(OR(F26="",G26="",K26=""),"",IF(E26="Thấp",IF(G26<=F26+K26,"Có","Không"),IF(G26>=F26-K26,"Có","Không"))) | N26: =IF(G26="","Chưa đo",IF(OR(L26="Không",M26="Không"),"Không đạt",IF(AND(L26="",M26=""),"Chưa có tiêu chí","Đạt"))) -> Chưa đo | Q26: =IF(OR(O26="",P26=""),"",IF(OR(O26>0,P26<0),"Có","Không")) | R26: File dai va batch
A27: K23 | B27: Hiệu năng | C27: Kích thước lib.so | D27: KB | E27: Thấp | F27: =IF(Performance!C61="","",Performance!C61) -> 3200 | G27: =IF(Performance!F61="","",Performance!F61) | H27: =IF(OR(F27="",G27=""),"",G27-F27) | I27: =IF(OR(F27="",G27=""),"",IFERROR((G27-F27)/ABS(F27),"")) | K27: 0 | L27: =IF(OR(G27="",J27=""),"",IF(E27="Thấp",IF(G27<=J27,"Có","Không"),IF(G27>=J27,"Có","Không"))) | M27: =IF(OR(F27="",G27="",K27=""),"",IF(E27="Thấp",IF(G27<=F27+K27,"Có","Không"),IF(G27>=F27-K27,"Có","Không"))) | N27: =IF(G27="","Chưa đo",IF(OR(L27="Không",M27="Không"),"Không đạt",IF(AND(L27="",M27=""),"Chưa có tiêu chí","Đạt"))) -> Chưa đo | Q27: =IF(OR(O27="",P27=""),"",IF(OR(O27>0,P27<0),"Có","Không")) | R27: Performance
A28: K24 | B28: Hiệu năng | C28: Kích thước model | D28: KB | E28: Thấp | F28: =IF(Performance!C60="","",Performance!C60) -> 15100 | G28: =IF(Performance!F60="","",Performance!F60) | H28: =IF(OR(F28="",G28=""),"",G28-F28) | I28: =IF(OR(F28="",G28=""),"",IFERROR((G28-F28)/ABS(F28),"")) | K28: 0 | L28: =IF(OR(G28="",J28=""),"",IF(E28="Thấp",IF(G28<=J28,"Có","Không"),IF(G28>=J28,"Có","Không"))) | M28: =IF(OR(F28="",G28="",K28=""),"",IF(E28="Thấp",IF(G28<=F28+K28,"Có","Không"),IF(G28>=F28-K28,"Có","Không"))) | N28: =IF(G28="","Chưa đo",IF(OR(L28="Không",M28="Không"),"Không đạt",IF(AND(L28="",M28=""),"Chưa có tiêu chí","Đạt"))) -> Chưa đo | Q28: =IF(OR(O28="",P28=""),"",IF(OR(O28>0,P28<0),"Có","Không")) | R28: Performance
A29: K25 | B29: Hiệu năng | C29: Thời gian init | D29: ms | E29: Thấp | F29: =IF(Performance!C40="","",Performance!C40) -> 85 | G29: =IF(Performance!F40="","",Performance!F40) | H29: =IF(OR(F29="",G29=""),"",G29-F29) | I29: =IF(OR(F29="",G29=""),"",IFERROR((G29-F29)/ABS(F29),"")) | K29: 10 | L29: =IF(OR(G29="",J29=""),"",IF(E29="Thấp",IF(G29<=J29,"Có","Không"),IF(G29>=J29,"Có","Không"))) | M29: =IF(OR(F29="",G29="",K29=""),"",IF(E29="Thấp",IF(G29<=F29+K29,"Có","Không"),IF(G29>=F29-K29,"Có","Không"))) | N29: =IF(G29="","Chưa đo",IF(OR(L29="Không",M29="Không"),"Không đạt",IF(AND(L29="",M29=""),"Chưa có tiêu chí","Đạt"))) -> Chưa đo | Q29: =IF(OR(O29="",P29=""),"",IF(OR(O29>0,P29<0),"Có","Không")) | R29: Performance
C31: Tổng hợp gate
C32: Đạt | D32: =COUNTIF($N$5:$N$29,"Đạt") -> 0
C33: Không đạt | D33: =COUNTIF($N$5:$N$29,"Không đạt") -> 0
C34: Chưa đo | D34: =COUNTIF($N$5:$N$29,"Chưa đo") -> 25
C35: Chưa có tiêu chí | D35: =COUNTIF($N$5:$N$29,"Chưa có tiêu chí") -> 0
C36: Kết luận chung | D36: =IF(D33>0,"KHÔNG ĐẠT",IF(D34+D35>0,"CHƯA ĐỦ DỮ LIỆU","ĐẠT")) -> CHƯA ĐỦ DỮ LIỆU
A38: CI Δ = khoảng tin cậy 95% của (candidate − baseline) từ paired bootstrap theo file. "Có ý nghĩa" khi khoảng không chứa 0.

Sheet Snapshot
A1: Snapshot baseline – cấu hình được đóng băng
A2: Mọi số liệu baseline phải truy được về đúng cấu hình này. Cột vàng = bạn điền; cột 'Thay đổi?' tự đánh dấu mục candidate khác baseline.
A4: Nhóm | B4: Hạng mục | C4: Baseline | D4: Candidate | E4: Thay đổi? | F4: Ghi chú
A5: Chung | B5: Tên phiên bản / git tag | E5: =IF(D5="","",IF(D5=C5,"","Đổi"))
A6: Chung | B6: Ngày chốt | E6: =IF(D6="","",IF(D6=C6,"","Đổi")) | F6: Định dạng dd/mm/yyyy
A7: Chung | B7: Người chốt | E7: =IF(D7="","",IF(D7=C7,"","Đổi"))
A8: Model | B8: File model | E8: =IF(D8="","",IF(D8=C8,"","Đổi"))
A9: Model | B9: SHA256 file model | E9: =IF(D9="","",IF(D9=C9,"","Đổi")) | F9: sha256sum <model>
A10: Model | B10: Kiến trúc | C10: YAMNet transfer learning, 2 lớp | E10: =IF(D10="","",IF(D10=C10,"","Đổi")) | F10: Theo cấu hình hiện tại
A11: Model | B11: Kiểu số (float32 / fp16 / int8) | E11: =IF(D11="","",IF(D11=C11,"","Đổi"))
A12: Lib | B12: Commit lib.so | E12: =IF(D12="","",IF(D12=C12,"","Đổi"))
A13: Lib | B13: Compiler & build flags | E13: =IF(D13="","",IF(D13=C13,"","Đổi")) | F13: vd clang, -O3, LTO, strip
A14: Lib | B14: Runtime & version (TFLite / ONNX, delegate) | E14: =IF(D14="","",IF(D14=C14,"","Đổi"))
A15: Input lib | B15: Input PCM chấp nhận (sample rate, số kênh, kiểu mẫu) | E15: =IF(D15="","",IF(D15=C15,"","Đổi")) | F15: Hợp đồng giữa app và lib; decode nằm ngoài lib
A16: Input lib | B16: Độ dài input tối đa | E16: =IF(D16="","",IF(D16=C16,"","Đổi")) | F16: Giới hạn theo RAM, xem File dai va batch
A17: Tiền xử lý | B17: Resampler (thư viện, chất lượng) | E17: =IF(D17="","",IF(D17=C17,"","Đổi")) | F17: Phải khớp tiền xử lý lúc train
A18: Tiền xử lý | B18: Cách downmix | E18: =IF(D18="","",IF(D18=C18,"","Đổi")) | F18: vd trung bình các kênh / lấy kênh 0
A19: Tham số | B19: Sample rate model (Hz) | C19: 16000 | E19: =IF(D19="","",IF(D19=C19,"","Đổi")) | F19: Theo checklist mục 5c
A20: Tham số | B20: Window (s) | C20: 0.96 | E20: =IF(D20="","",IF(D20=C20,"","Đổi")) | F20: YAMNet
A21: Tham số | B21: Hop (s) | C21: 0.08 | E21: =IF(D21="","",IF(D21=C21,"","Đổi"))
A22: Tham số | B22: Xử lý cửa sổ cuối (< 0.96 s) | E22: =IF(D22="","",IF(D22=C22,"","Đổi")) | F22: Pad 0 / bỏ / cửa sổ lùi về cuối file
A23: Tham số | B23: Cách gộp score overlap | E23: =IF(D23="","",IF(D23=C23,"","Đổi")) | F23: Mean / max / median / trọng số – xem Ablation mục B
A24: Tham số | B24: Ngưỡng quyết định | C24: 0.6026 | E24: =IF(D24="","",IF(D24=C24,"","Đổi")) | F24: Youden trên dữ liệu thiết kế – thay bằng ngưỡng chọn trên dev (Bước 5)
A25: Tham số | B25: Pad trước (ms) | C25: 100 | E25: =IF(D25="","",IF(D25=C25,"","Đổi")) | F25: Cấu hình A4
A26: Tham số | B26: Pad sau (ms) | C26: 120 | E26: =IF(D26="","",IF(D26=C26,"","Đổi")) | F26: Cấu hình A4
A27: Tham số | B27: Drop: độ dài segment tối thiểu (ms) | E27: =IF(D27="","",IF(D27=C27,"","Đổi")) | F27: Xem Ablation mục C
A28: Tham số | B28: Merge gap (ms) | C28: 500 | E28: =IF(D28="","",IF(D28=C28,"","Đổi")) | F28: Cấu hình A4
A29: Tham số | B29: Thứ tự hậu xử lý | C29: padding → drop → merge | E29: =IF(D29="","",IF(D29=C29,"","Đổi")) | F29: Theo mô tả pipeline – kiểm tra lại; xem Ablation mục D
A30: Tham số | B30: Rebin để so GT (s) | C30: 0.5 | E30: =IF(D30="","",IF(D30=C30,"","Đổi"))
A31: Dữ liệu | B31: Version tập dev | E31: =IF(D31="","",IF(D31=C31,"","Đổi"))
A32: Dữ liệu | B32: Version tập test | E32: =IF(D32="","",IF(D32=C32,"","Đổi"))
A33: Dữ liệu | B33: Số file dev / test | E33: =IF(D33="","",IF(D33=C33,"","Đổi"))
A34: Dữ liệu | B34: Tổng giờ audio test | E34: =IF(D34="","",IF(D34=C34,"","Đổi"))
A35: Dữ liệu | B35: Version tập nhãn mịn (10–20 ms) | E35: =IF(D35="","",IF(D35=C35,"","Đổi")) | F35: Dùng cho sheet Bien va timestamp
A36: Dữ liệu | B36: Version tập non-speech dài | E36: =IF(D36="","",IF(D36=C36,"","Đổi")) | F36: Dùng cho sheet File dai va batch
A37: Đánh giá | B37: Commit script đánh giá | E37: =IF(D37="","",IF(D37=C37,"","Đổi"))
A38: Đánh giá | B38: Bootstrap: seed / số lần lặp | E38: =IF(D38="","",IF(D38=C38,"","Đổi")) | F38: vd 42 / 1000
A39: Đánh giá | B39: Thiết bị đo hiệu năng | E39: =IF(D39="","",IF(D39=C39,"","Đổi")) | F39: Chi tiết ở sheet Performance, mục A
A40: Tích hợp | B40: Decoder phía app & version | E40: =IF(D40="","",IF(D40=C40,"","Đổi")) | F40: ffmpeg / MediaCodec / AVFoundation / minimp3…
A41: Tích hợp | B41: Có bù encoder delay / priming (gapless) không | E41: =IF(D41="","",IF(D41=C41,"","Đổi")) | F41: Xem Tich hop decode mục B

Sheet Quy trinh 8 buoc
A1: Quy trình đánh giá VAD (bin 0.5s, có hậu xử lý)
A2: Cột vàng = bạn điền. Trạng thái chọn từ danh sách.
A4: Bước | B4: Tên bước | C4: Mục tiêu | D4: Việc cần làm | E4: Đầu ra | F4: Công cụ | G4: Trạng thái | H4: Ghi chú
A5: 1 | B5: Chia dữ liệu | C5: Tránh rò rỉ, đánh giá trung thực | D5: Chia dev ~30% / test ~70% theo nguồn gốc bản ghi (không theo clip); phân tầng theo category; bổ sung tập thật/khó (tự thu hoặc AVA-Speech). | E5: Danh sách file dev/test + cột group | F5: sklearn StratifiedGroupKFold, GroupShuffleSplit | G5: Chưa làm
A6: 2 | B6: Chuẩn hóa GT | C6: Nhãn bin 0.5s rõ ràng, có cờ biên | D6: Tính frac_speech mỗi bin; gắn cờ bin biên (±1 bin) và bin mơ hồ; quy tắc rebin model trùng quy tắc tạo GT; gắn metadata (category, SNR, loại nền, loại giọng). | E6: Bảng bin: file, bin, y, frac, is_boundary, is_ambiguous, metadata | F6: numpy, pandas | G6: Chưa làm
A7: 3 | B7: Kiểm tra alignment & rò rỉ | C7: Loại lỗi pipeline trước khi đo | D7: Chạy sheet 'Kiem tra du lieu' (mục 5a–5e, 2a–2c): ghép file, thời lượng, 16 kHz mono, offset +0.48s, quét shift ±1s. | E7: Bảng cờ theo file; đồ thị F1 theo shift | F7: vadqc.py, soundfile, librosa | G7: Chưa làm
A8: 4 | B8: Tầng A – điểm thô | C8: Đo khả năng phân biệt nội tại | D8: ROC-AUC, PR-AUC, DET, TPR@FPR=1%/5%, reliability diagram; micro + macro theo file/category; trên 3 tập bin: tất cả / không biên / rõ ràng. | E8: Bảng metric tầng A + ROC/PR/DET | F8: sklearn.metrics | G8: Chưa làm
A9: 5 | B9: Chọn ngưỡng trên dev | C9: Điểm vận hành phù hợp ứng dụng | D9: Quét ngưỡng qua TOÀN pipeline trên dev; tối thiểu DCF hoặc cố định FAR; ghi lại ngưỡng Youden tầng A để so sánh; bootstrap CI của ngưỡng. | E9: Ngưỡng cố định cho test + CI | F9: numpy, sklearn | G9: Chưa làm
A10: 6 | B10: Tầng B – đầu ra cuối (test) | C10: Đo hiệu năng người dùng cảm nhận | D10: MR, FAR, F1, DCF, DetER ở 3 chế độ (strict / ±1 bin / chỉ biên); tách FEC/MSC/OVER/NDS; event-F1 (t_collar=0.5s); fragmentation/over-merge; histogram Δonset/Δoffset. | E10: Sheet 'Bao cao category' + đồ thị | F10: pyannote.metrics, sed_eval | G10: Chưa làm
A11: 7 | B11: Ablation hậu xử lý | C11: Quy trách nhiệm lỗi model vs hậu xử lý | D11: Chạy A0–A4 và lưới quét pad/merge (sheet 'Ablation'); đếm riêng gap GT ≤1s bị lấp. | E11: Bảng ablation + heatmap F1(pad, merge) | F11: script nội bộ | G11: Chưa làm
A12: 8 | B12: Báo cáo | C12: Kết quả có CI, phân tầng, có giải thích | D12: Mỗi metric kèm CI 95% bootstrap theo file; bảng per-category; top-K file lỗi đã nghe kiểm tra kèm nguyên nhân; báo cả số tổng hợp và số dữ liệu thật. | E12: Báo cáo cuối | F12: matplotlib | G12: Chưa làm
A14: Tiến độ | B14: =COUNTIF(G5:G12,"Đạt")/(COUNTA(G5:G12)-COUNTIF(G5:G12,"Không áp dụng")) -> 0 | C14: Tỷ lệ = số bước 'Đạt' / số bước áp dụng

Sheet Metrics
A1: Danh mục metric
A2: Tầng A = điểm thô trước hậu xử lý; Tầng B = đầu ra nhị phân sau hậu xử lý. Tầng C = hiệu năng lib; tầng S = biên, file, parity; tầng I = tích hợp decode (ngoài lib).
A4: Tầng | B4: Metric | C4: Định nghĩa / công thức | D4: Ý nghĩa | E4: Công cụ | F4: Chế độ báo cáo
A5: A | B5: ROC-AUC | C5: Diện tích dưới đường ROC | D5: Khả năng xếp hạng speech > non-speech | E5: roc_auc_score | F5: micro + macro; tất cả / không biên / rõ ràng
A6: A | B6: PR-AUC (AP) | C6: Diện tích dưới đường Precision-Recall | D6: Phản ánh đúng hơn khi mất cân bằng lớp | E6: average_precision_score | F6: micro + macro
A7: A | B7: DET curve | C7: FNR vs FPR trên trục normal deviate | D7: Chuẩn ngành speech, rõ vùng FAR thấp | E7: det_curve, DetCurveDisplay | F7: micro
A8: A | B8: TPR @ FPR cố định | C8: TPR khi FPR = 1% / 5% | D8: Điểm vận hành thực tế | E8: roc_curve | F8: micro
A9: A | B9: Calibration (ECE, Brier) | C9: Reliability diagram; Brier = mean((p−y)²) | D9: Score có dùng như xác suất được không | E9: calibration_curve, brier_score_loss | F9: micro
A10: B | B10: Miss rate (MR) | C10: FN / tổng bin speech GT | D10: Bỏ sót speech | E10: tự tính / pyannote | F10: strict / ±1 bin / chỉ biên
A11: B | B11: False alarm rate (FAR) | C11: FP / tổng bin non-speech GT | D11: Báo nhầm speech | E11: tự tính / pyannote | F11: strict / ±1 bin / chỉ biên
A12: B | B12: Precision / Recall / F1 | C12: Theo bin, lớp speech | D12: Chất lượng tổng thể | E12: sklearn | F12: strict / ±1 bin
A13: B | B13: Specificity, Balanced acc. | C13: TN/(TN+FP); (TPR+TNR)/2 | D13: Ít phụ thuộc tỉ lệ lớp | E13: sklearn | F13: strict / ±1 bin
A14: B | B14: Detection Error Rate | C14: (FA + Miss) / tổng speech | D14: Chuẩn pyannote | E14: pyannote DetectionErrorRate(collar=1.0) | F14: strict / collar
A15: B | B15: DCF | C15: 0.75·MR + 0.25·FAR | D15: Chuẩn NIST OpenSAT, phạt miss nặng hơn | E15: pyannote DetectionCostFunction | F15: strict / ±1 bin
... A31: I | B31: Lệch timestamp decode | C31: Lag cross-correlation giữa PCM decode và wav gốc | D31: Encoder delay / priming làm lệch mọi segment | E31: script, ffmpeg | F31: ms theo định dạng

Sheet Kiem tra du lieu
A1: Checklist kiểm tra chất lượng dữ liệu (Bước 8)
A2: Thứ tự khuyến nghị: 5 → 1 → 2 → 3 → 4. Ngưỡng là ngưỡng thực hành, hãy tự hiệu chỉnh. Cột vàng = bạn điền.
A4: Mã | B4: Nhóm | C4: Kiểm tra | D4: Cách đo | E4: Ngưỡng cảnh báo | F4: Hành động khi bị gắn cờ | G4: Kết quả đo | H4: Trạng thái | I4: Ghi chú
A5: 5a | B5: Căn chỉnh | C5: Ghép file Model↔GT | D5: pair_files: thiếu, dư, sai category | E5: Bất kỳ lỗi nào | F5: Sửa tên/đường dẫn trước mọi bước khác | H5: Chưa làm
A6: 5b | B6: Căn chỉnh | C6: Thời lượng / số bin | D6: wav_dur vs n_bins×0.5; last_end của model | E6: Lệch > 1 bin | F6: Kiểm tra cắt clip, padding cuối file | H6: Chưa làm
A7: 5c | B7: Căn chỉnh | C7: Định dạng audio | D7: sr = 16000, mono, biên độ [-1,1] | E7: Khác | F7: Resample (librosa), chạy lại YAMNet | H7: Chưa làm
A8: 5d | B8: Căn chỉnh | C8: Hop / cửa sổ | D8: diff(start) = 0.08; end − start = 0.96 | E8: Sai | F8: Sửa script xuất file | H8: Chưa làm
A9: 5e | B9: Căn chỉnh | C9: Offset tâm cửa sổ | D9: Quét shift ±1s, bước 0.08s; cross-correlation theo file | E9: Đỉnh F1 lệch 0 quá ±0.08s | F9: Cộng +0.48s; đánh giá lại | H9: Chưa làm
A10: 1a | B10: Phân bố | C10: File suy biến | D10: Tỉ lệ speech = 0 hoặc 1 | E10: > 5–10% số file | F10: Loại khỏi chỉ số per-file; báo riêng | H10: Chưa làm
A11: 1b | B11: Phân bố | C11: File cực đoan | D11: Tỉ lệ speech < 0.1 hoặc > 0.9 | E11: > 30% số file | F11: Cân bằng lại khi sinh dữ liệu | H11: Chưa làm
A12: 1c | B12: Phân bố | C12: Độ phức tạp thời gian | D12: #transitions, độ dài đoạn, % bin biên | E12: Trung vị transitions ≤ 1 | F12: Thêm clip nhiều chuyển trạng thái | H12: Chưa làm
A13: 1d | B13: Phân bố | C13: AUC pooled vs theo file | D13: Chênh lệch; AUC file tệ nhất | E13: Chênh > 0.005; file < 0.9 | F13: Xem timeline các file tệ | H13: Chưa làm
A14: 2a | B14: Rò rỉ | C14: Rò rỉ theo metadata | D14: Union-find trên speech_src/noise_src/speaker; #nhóm vắt qua 2 phía | E14: > 0 | F14: Chia lại bằng StratifiedGroupKFold | H14: Chưa làm
A15: 2b | B15: Rò rỉ | C15: Trùng / gần trùng | D15: MD5, Chromaprint, cosine embedding YAMNet | E15: Vượt τ đã hiệu chỉnh | F15: Gộp nhóm hoặc bỏ khỏi test | H15: Chưa làm
A16: 2c | B16: Rò rỉ | C16: Tác động của rò rỉ | D16: AUC nhóm 'đã thấy' vs 'mới'; retrain theo nhóm | E16: ΔAUC ≥ 0.01 | F16: Báo con số sau khi chia theo nhóm | H16: Chưa làm
... A22: 4d | B22: Độ khó | C22: Kiểm chứng thực tế | D22: Đánh giá trên bộ test thật | E22: Chênh lớn so với dữ liệu tổng hợp | F22: Báo cả hai; ưu tiên số thực | H22: Chưa làm
B24: Tổng hợp
B25: Đạt | C25: =COUNTIF($H$5:$H$22,B25) -> 0
B26: Không đạt | C26: =COUNTIF($H$5:$H$22,B26) -> 0
B27: Đang làm | C27: =COUNTIF($H$5:$H$22,B27) -> 0
B28: Chưa làm | C28: =COUNTIF($H$5:$H$22,B28) -> 18
B29: Không áp dụng | C29: =COUNTIF($H$5:$H$22,B29) -> 0
B30: % hoàn thành | C30: =IFERROR((C25+C26)/(COUNTA(H5:H22)-C29),0) -> 0

Sheet Ablation
A1: Ablation hậu xử lý
A2: Điền MR, FAR, F1 (dạng thập phân, vd 0.05 = 5%). DCF và Δ được tính tự động. Hàng xám = ví dụ minh họa, hãy ghi đè.
A4: Cấu hình | B4: Rescore | C4: Pad trước (ms) | D4: Pad sau (ms) | E4: Merge gap (ms) | F4: Rebin | G4: MR | H4: FAR | I4: F1 strict | J4: F1 ±1 bin | K4: DCF | L4: ΔDCF so với A0 | M4: Ghi chú
A5: A0 – thô | B5: – | C5: 0 | D5: 0 | E5: 0 | F5: midpoint → bin | G5: 0.06 | H5: 0.03 | I5: 0.94 | J5: 0.965 | K5: =0.75*G5+0.25*H5 -> 0.0525 | L5: =K5-$K$5 -> 0
A6: A1 | B6: ✓ | C6: 0 | D6: 0 | E6: 0 | F6: ✓ | G6: 0.055 | H6: 0.03 | I6: 0.945 | J6: 0.968 | K6: =0.75*G6+0.25*H6 -> 0.04875 | L6: =K6-$K$5 -> -0.00375
A7: A2 | B7: ✓ | C7: 100 | D7: 120 | E7: 0 | F7: ✓ | G7: 0.045 | H7: 0.045 | I7: 0.944 | J7: 0.97 | K7: =0.75*G7+0.25*H7 -> 0.045 | L7: =K7-$K$5 -> -0.0075
A8: A3 | B8: ✓ | C8: 0 | D8: 0 | E8: 500 | F8: ✓ | G8: 0.04 | H8: 0.06 | I8: 0.939 | J8: 0.972 | K8: =0.75*G8+0.25*H8 -> 0.045 | L8: =K8-$K$5 -> -0.0075
A9: A4 – hiện tại | B9: ✓ | C9: 100 | D9: 120 | E9: 500 | F9: ✓ | G9: 0.03 | H9: 0.075 | I9: 0.936 | J9: 0.973 | K9: =0.75*G9+0.25*H9 -> 0.04125 | L9: =K9-$K$5 -> -0.01125
A11: Lưới quét đề xuất: pad trước {0, 50, 100, 200} ms × pad sau {0, 60, 120, 240} ms × merge gap {0, 250, 500, 750, 1000} ms × drop {0, 100, 250, 500} ms.
A12: Đọc kết quả: MSC/NDS cao từ A0 → lỗi model. FAR tăng từ A2→A4, tập trung ở offset → do pad/merge. Merge < 500ms dễ lấp khoảng lặng dài 1 bin.
A14: B. Cách gộp score overlap (hậu xử lý giữ như A4)
A15: Mã | B15: Cách gộp score cho mỗi hop | F15: Recall 1 s cuối file | G15: MR | H15: FAR | I15: F1 strict | J15: F1 ±1 bin | K15: DCF | L15: ΔDCF so với dòng đầu | M15: Ghi chú
A16: O0 | B16: Chỉ cửa sổ có tâm gần hop nhất (không gộp) | F16: 0.9 | G16: 0.03 | H16: 0.075 | I16: 0.936 | J16: 0.973 | K16: =IF(OR(G16="",H16=""),"",0.75*G16+0.25*H16) -> 0.04125 | L16: =IF(OR(K16="",$K$16=""),"",K16-$K$16) -> 0
A17: O1 | B17: Mean các cửa sổ phủ hop | K17: =IF(OR(G17="",H17=""),"",0.75*G17+0.25*H17) | L17: =IF(OR(K17="",$K$16=""),"",K17-$K$16)
A18: O2 | B18: Max các cửa sổ phủ hop | K18: =IF(OR(G18="",H18=""),"",0.75*G18+0.25*H18) | L18: =IF(OR(K18="",$K$16=""),"",K18-$K$16)
A19: O3 | B19: Median các cửa sổ phủ hop | K19: =IF(OR(G19="",H19=""),"",0.75*G19+0.25*H19) | L19: =IF(OR(K19="",$K$16=""),"",K19-$K$16)
A20: O4 | B20: Trung bình trọng số theo khoảng cách tới tâm cửa sổ | K20: =IF(OR(G20="",H20=""),"",0.75*G20+0.25*H20) | L20: =IF(OR(K20="",$K$16=""),"",K20-$K$16)
A22: C. Drop – độ dài segment tối thiểu (pad / merge giữ như A4)
A23: Mã | B23: Pad trước (ms) | C23: Pad sau (ms) | D23: Merge gap (ms) | E23: Drop (ms) | F23: #segment dự đoán / #GT | G23: MR | H23: FAR | I23: F1 strict | J23: F1 ±1 bin | K23: DCF | L23: ΔDCF so với dòng đầu | M23: Ghi chú
A24: C0 | B24: 100 | C24: 120 | D24: 500 | E24: 0 | F24: 1.05 | G24: 0.03 | H24: 0.075 | I24: 0.936 | J24: 0.973 | K24: =IF(OR(G24="",H24=""),"",0.75*G24+0.25*H24) -> 0.04125 | L24: =IF(OR(K24="",$K$24=""),"",K24-$K$24) -> 0
A25: C1 | B25: 100 | C25: 120 | D25: 500 | E25: 100 | K25: =IF(OR(G25="",H25=""),"",0.75*G25+0.25*H25) | L25: =IF(OR(K25="",$K$24=""),"",K25-$K$24)
A26: C2 | B26: 100 | C26: 120 | D26: 500 | E26: 250 | K26: =IF(OR(G26="",H26=""),"",0.75*G26+0.25*H26) | L26: =IF(OR(K26="",$K$24=""),"",K26-$K$24)
A27: C3 | B27: 100 | C27: 120 | D27: 500 | E27: 500 | K27: =IF(OR(G27="",H27=""),"",0.75*G27+0.25*H27) | L27: =IF(OR(K27="",$K$24=""),"",K27-$K$24)
A28: C4 | B28: 100 | C28: 120 | D28: 500 | E28: 750 | K28: =IF(OR(G28="",H28=""),"",0.75*G28+0.25*H28) | L28: =IF(OR(K28="",$K$24=""),"",K28-$K$24)
A30: D. Thứ tự hậu xử lý (tham số giữ như A4 + drop đã chọn)
A31: Mã | B31: Thứ tự | F31: #segment dự đoán / #GT | G31: MR | H31: FAR | I31: F1 strict | J31: F1 ±1 bin | K31: DCF | L31: ΔDCF so với dòng đầu | M31: Ghi chú
A32: P1 | B32: padding → drop → merge (hiện tại) | F32: 1.05 | G32: 0.03 | H32: 0.075 | I32: 0.936 | J32: 0.973 | K32: =IF(OR(G32="",H32=""),"",0.75*G32+0.25*H32) -> 0.04125 | L32: =IF(OR(K32="",$K$32=""),"",K32-$K$32) -> 0
A33: P2 | B33: padding → merge → drop | K33: =IF(OR(G33="",H33=""),"",0.75*G33+0.25*H33) | L33: =IF(OR(K33="",$K$32=""),"",K33-$K$32)
A34: P3 | B34: merge → drop → padding | K34: =IF(OR(G34="",H34=""),"",0.75*G34+0.25*H34) | L34: =IF(OR(K34="",$K$32=""),"",K34-$K$32)
A35: P4 | B35: drop → merge → padding | K35: =IF(OR(G35="",H35=""),"",0.75*G35+0.25*H35) | L35: =IF(OR(K35="",$K$32=""),"",K35-$K$32)
A36: Chọn xong cách gộp, drop và thứ tự thì ghi vào Snapshot. #segment dự đoán / #GT > 1 = phân mảnh; < 1 = gộp quá tay.

Sheet Bao cao category
A1: Báo cáo theo category (tầng B, trên test)
A2: Điền số liệu theo category. DCF, lỗi biên tính tự động. Hàng xám = ví dụ minh họa.
A4: Category | B4: #file | C4: % speech | D4: MR | E4: FAR | F4: FEC | G4: MSC | H4: OVER | I4: NDS | J4: F1 strict | K4: F1 ±1 bin | L4: F1 CI thấp | M4: F1 CI cao | N4: DCF | O4: Phần F1 mất do biên | P4: % lỗi thật
A5: Asm (ví dụ) | B5: 40 | C5: 0.55 | D5: 0.04 | E5: 0.06 | F5: 12 | G5: 5 | H5: 18 | I5: 7 | J5: 0.935 | K5: 0.97 | L5: 0.918 | M5: 0.951 | N5: =IF(D5="","",0.75*D5+0.25*E5) -> 0.045 | O5: =IF(J5="","",K5-J5) -> 0.035 | P5: =IF(SUM(F5:I5)=0,"",(G5+I5)/SUM(F5:I5)) -> 0.28571429
N6: =IF(D6="","",0.75*D6+0.25*E6) | O6: =IF(J6="","",K6-J6) | P6: =IF(SUM(F6:I6)=0,"",(G6+I6)/SUM(F6:I6))
N7: =IF(D7="","",0.75*D7+0.25*E7) | O7: =IF(J7="","",K7-J7) | P7: =IF(SUM(F7:I7)=0,"",(G7+I7)/SUM(F7:I7))
N8: =IF(D8="","",0.75*D8+0.25*E8) | O8: =IF(J8="","",K8-J8) | P8: =IF(SUM(F8:I8)=0,"",(G8+I8)/SUM(F8:I8))
N9: =IF(D9="","",0.75*D9+0.25*E9) | O9: =IF(J9="","",K9-J9) | P9: =IF(SUM(F9:I9)=0,"",(G9+I9)/SUM(F9:I9))
N10: =IF(D10="","",0.75*D10+0.25*E10) | O10: =IF(J10="","",K10-J10) | P10: =IF(SUM(F10:I10)=0,"",(G10+I10)/SUM(F10:I10))
N11: =IF(D11="","",0.75*D11+0.25*E11) | O11: =IF(J11="","",K11-J11) | P11: =IF(SUM(F11:I11)=0,"",(G11+I11)/SUM(F11:I11))
N12: =IF(D12="","",0.75*D12+0.25*E12) | O12: =IF(J12="","",K12-J12) | P12: =IF(SUM(F12:I12)=0,"",(G12+I12)/SUM(F12:I12))
N13: =IF(D13="","",0.75*D13+0.25*E13) | O13: =IF(J13="","",K13-J13) | P13: =IF(SUM(F13:I13)=0,"",(G13+I13)/SUM(F13:I13))
N14: =IF(D14="","",0.75*D14+0.25*E14) | O14: =IF(J14="","",K14-J14) | P14: =IF(SUM(F14:I14)=0,"",(G14+I14)/SUM(F14:I14))
A15: Macro (TB) | B15: =SUM(B5:B14) -> 40 | D15: =IFERROR(AVERAGE(D5:D14),"") -> 0.04 | E15: =IFERROR(AVERAGE(E5:E14),"") -> 0.06 | J15: =IFERROR(AVERAGE(J5:J14),"") -> 0.935 | K15: =IFERROR(AVERAGE(K5:K14),"") -> 0.97 | N15: =IFERROR(AVERAGE(N5:N14),"") -> 0.045
A17: Tô vàng 'Phần F1 mất do biên' > 3 điểm: phần lớn lỗi nằm ở định vị biên, không phải phân loại.

Sheet Bieu do can ve
A1: Danh sách biểu đồ nên có
A4: # | B4: Biểu đồ | C4: Thuộc bước | D4: Mục đích | E4: Đã vẽ?
A5: 1 | B5: ROC & PR chồng theo category | C5: 4 | D5: So sánh khả năng phân biệt giữa category | E5: Chưa
A6: 2 | B6: DET curve (trục normal deviate) | C6: 4 | D6: Xem vùng FAR thấp | E6: Chưa
A7: 3 | B7: Reliability diagram | C7: 4 | D7: Kiểm tra hiệu chỉnh score | E7: Chưa
A8: 4 | B8: MR/FAR theo ngưỡng (trước & sau hậu xử lý) | C8: 5 | D8: Thấy hậu xử lý dịch điểm vận hành | E8: Chưa
A9: 5 | B9: Bar lỗi biên vs lỗi thật theo category | C9: 6 | D9: Tách nguồn lỗi | E9: Chưa
A10: 6 | B10: Histogram Δonset / Δoffset | C10: 6 | D10: Phát hiện lệch biên có hệ thống | E10: Chưa
A11: 7 | B11: Heatmap F1 theo (pad, merge gap) | C11: 7 | D11: Chọn tham số hậu xử lý | E11: Chưa
A12: 8 | B12: Forest plot metric theo category kèm CI | C12: 8 | D12: Báo cáo có độ bất định | E12: Chưa
A13: 9 | B13: Histogram tỉ lệ speech mỗi file + boxplot category | C13: 8 (1a–1c) | D13: Phát hiện file suy biến | E13: Chưa
A14: 10 | B14: Histogram max-cosine test→train + heatmap | C14: 8 (2b) | D14: Phát hiện rò rỉ | E14: Chưa
A15: 11 | B15: Histogram điểm theo lớp (log) + F1 theo ngưỡng | C15: 8 (4a) | D15: Chẩn đoán dữ liệu quá dễ | E15: Chưa
A16: 12 | B16: F1/AUC theo shift + histogram lag theo file | C16: 8 (5e) | D16: Phát hiện lệch thời gian | E16: Chưa
... A26: 22 | B26: Bar lệch timestamp theo định dạng | C26: KH 6.1 | D26: Định dạng nào cần bù encoder delay | E26: Chưa
A28: Cột 'Thuộc bước': số 1–8 = Quy trinh 8 buoc; 'KH x.y' = bước trong Ke hoach baseline.

Sheet Parity
A1: Parity – Python reference ↔ lib.so (theo thứ tự pipeline)
A2: Đưa cùng PCM đã decode vào cả hai, so từng tầng từ waveform đến F1. Ngưỡng xám là gợi ý cho float32 – nới cho int8. Vàng = bạn điền.
A4: A. Thiết lập
B5: Python reference (commit / version)
B6: Lib baseline (commit)
B7: Lib candidate (commit)
B8: Tập dữ liệu parity (số file / giờ / định dạng PCM)
B9: Ngưỡng quyết định dùng khi so | C9: =IF(Snapshot!C24="","",Snapshot!C24) -> 0.6026
A11: B. Kiểm tra parity (đạt khi giá trị ≤ ngưỡng)
A12: Mã | B12: Kiểm tra | C12: Cách đo | D12: Đơn vị | E12: Ngưỡng (≤) | F12: Baseline lib | G12: Kết luận | H12: Candidate lib | I12: Kết luận | J12: Ghi chú
A13: PA01 | B13: Waveform sau downmix + resample: max |Δ| | C13: So PCM 16 kHz mono của lib với Python trên cùng input | D13: – | E13: 0.001 | F13: 0.00031 | G13: =IF(OR(F13="",E13=""),"",IF(F13<=E13,"Đạt","Không đạt")) -> Đạt | I13: =IF(OR(H13="",E13=""),"",IF(H13<=E13,"Đạt","Không đạt")) | J13: Lớn = resampler/downmix khác lúc train (lệch train/serve)
A14: PA02 | B14: Waveform: lệch thời gian | C14: Cross-correlation giữa hai waveform | D14: mẫu | E14: 0 | G14: =IF(OR(F14="",E14=""),"",IF(F14<=E14,"Đạt","Không đạt")) | I14: =IF(OR(H14="",E14=""),"",IF(H14<=E14,"Đạt","Không đạt")) | J14: Resampler khác nhau có thể trễ vài mẫu
A15: PA03 | B15: Log-mel: max |Δ| | C15: So feature log-mel từng cửa sổ | D15: – | E15: 0.001 | G15: =IF(OR(F15="",E15=""),"",IF(F15<=E15,"Đạt","Không đạt")) | I15: =IF(OR(H15="",E15=""),"",IF(H15<=E15,"Đạt","Không đạt"))
A16: PA04 | B16: Score thô: max |Δ| | C16: So output model từng cửa sổ | D16: – | E16: 0.0001 | G16: =IF(OR(F16="",E16=""),"",IF(F16<=E16,"Đạt","Không đạt")) | I16: =IF(OR(H16="",E16=""),"",IF(H16<=E16,"Đạt","Không đạt")) | J16: Với int8 nới ngưỡng, vd 0.02
A17: PA05 | B17: Score thô: mean |Δ| | C17: Trung bình trên toàn tập | D17: – | E17: 1e-05 | G17: =IF(OR(F17="",E17=""),"",IF(F17<=E17,"Đạt","Không đạt")) | I17: =IF(OR(H17="",E17=""),"",IF(H17<=E17,"Đạt","Không đạt"))
A18: PA06 | B18: Score sau xử lý overlap: max |Δ| | C18: So score đã gộp cho từng hop | D18: – | E18: 0.0001 | G18: =IF(OR(F18="",E18=""),"",IF(F18<=E18,"Đạt","Không đạt")) | I18: =IF(OR(H18="",E18=""),"",IF(H18<=E18,"Đạt","Không đạt"))
A19: PA07 | B19: % hop đổi quyết định tại ngưỡng | C19: So (score ≥ ngưỡng) giữa hai bên | D19: % | E19: 0.001 | G19: =IF(OR(F19="",E19=""),"",IF(F19<=E19,"Đạt","Không đạt")) | I19: =IF(OR(H19="",E19=""),"",IF(H19<=E19,"Đạt","Không đạt"))
A20: PA08 | B20: % bin 0.5 s khác sau hậu xử lý | C20: So đầu ra cuối đã rebin | D20: % | E20: 0.001 | G20: =IF(OR(F20="",E20=""),"",IF(F20<=E20,"Đạt","Không đạt")) | I20: =IF(OR(H20="",E20=""),"",IF(H20<=E20,"Đạt","Không đạt"))
A21: PA09 | B21: Số segment khác (thêm / mất) | C21: Ghép segment theo overlap | D21: cái | E21: 0 | G21: =IF(OR(F21="",E21=""),"",IF(F21<=E21,"Đạt","Không đạt")) | I21: =IF(OR(H21="",E21=""),"",IF(H21<=E21,"Đạt","Không đạt"))
A22: PA10 | B22: Lệch biên segment max | C22: Trên các segment ghép được | D22: ms | E22: 80 | G22: =IF(OR(F22="",E22=""),"",IF(F22<=E22,"Đạt","Không đạt")) | I22: =IF(OR(H22="",E22=""),"",IF(H22<=E22,"Đạt","Không đạt")) | J22: ≤ 1 hop
A23: PA11 | B23: Số file có khác biệt | C23: File có ít nhất 1 bin khác | D23: file | E23: 0 | G23: =IF(OR(F23="",E23=""),"",IF(F23<=E23,"Đạt","Không đạt")) | I23: =IF(OR(H23="",E23=""),"",IF(H23<=E23,"Đạt","Không đạt"))
A24: PA12 | B24: |Chênh F1 strict| (lib − Python) | C24: Tính F1 tầng B cho cả hai | D24: – | E24: 0.001 | G24: =IF(OR(F24="",E24=""),"",IF(F24<=E24,"Đạt","Không đạt")) | I24: =IF(OR(H24="",E24=""),"",IF(H24<=E24,"Đạt","Không đạt"))
B25: Số mục Không đạt | F25: =COUNTIF(G13:G24,"Không đạt") -> 0 | H25: =COUNTIF(I13:I24,"Không đạt") -> 0
B26: Số mục chưa đo | F26: =COUNTBLANK(F13:F24) -> 11 | H26: =COUNTBLANK(H13:H24) -> 12
A27: Khi một tầng không đạt, các tầng sau thường cũng lệch – sửa từ tầng đầu tiên không đạt.
A29: C. File lệch nhiều nhất (nghe / kiểm tra lại)
A30: # | B30: File | C30: Tầng lệch đầu tiên (PA..) | D30: #bin khác | E30: Lệch biên max (ms) | F30: Nguyên nhân nghi ngờ
A31: 1
A32: 2
A33: 3
A34: 4
A35: 5

Sheet Performance
A1: Baseline hiệu năng lib.so (xử lý theo file, không tính decode)
A2: Đo trên thiết bị đích, cùng môi trường và cùng tập file cho baseline và candidate. Vàng = bạn điền; xám = ví dụ minh họa; chữ đen = công thức.
A4: A. Môi trường đo
A5: Hạng mục | C5: Baseline | F5: Candidate | I5: Ghi chú
A6: Thiết bị / SoC | I6: vd tên máy / chip
A7: ABI / kiến trúc | I7: arm64-v8a, armeabi-v7a, x86_64…
A8: Core được dùng (CPU affinity) | I8: Ghim core cố định; ghi rõ big / little
A9: CPU governor & tần số | I9: performance hoặc tần số cố định
A10: OS / kernel
A11: Runtime & delegate | I11: Khớp với Snapshot
A12: Số thread
A13: Định dạng PCM đưa vào lib khi đo | I13: vd 44.1 kHz stereo int16 – resample/downmix tốn thời gian khác nhau theo định dạng
A14: Tập file đo (số file, tổng thời lượng) | I14: Cùng bộ cho baseline và candidate; PCM đã decode sẵn
A15: Chế độ nguồn khi đo điện | I15: Rút sạc, tắt màn hình, chế độ máy bay
A16: Nhiệt độ lúc bắt đầu (°C) | I16: Chờ máy nguội giữa các lần đo
A17: Số lần warm-up / số lần lặp | I17: vd 3 / 20; báo mean và p95
A19: B. Thời gian theo stage (ms cho mỗi phút audio)
A20: Stage | B20: Đơn vị | C20: Baseline mean | D20: Baseline p95 | E20: % tổng | F20: Candidate mean | G20: Candidate p95 | H20: Δ mean % | I20: Ghi chú / cách đo
A21: Nhận input (copy, int16 → float) | B21: ms | C21: 5 | D21: 6 | E21: =IF(OR(C21="",$C$29="",$C$29=0),"",C21/$C$29) -> 0.00052067062 | H21: =IF(OR(C21="",F21=""),"",IFERROR((F21-C21)/C21,""))
A22: Downmix | B22: ms | C22: 2 | D22: 3 | E22: =IF(OR(C22="",$C$29="",$C$29=0),"",C22/$C$29) -> 0.00020826825 | H22: =IF(OR(C22="",F22=""),"",IFERROR((F22-C22)/C22,""))
A23: Resample | B23: ms | C23: 60 | D23: 70 | E23: =IF(OR(C23="",$C$29="",$C$29=0),"",C23/$C$29) -> 0.0062480475 | H23: =IF(OR(C23="",F23=""),"",IFERROR((F23-C23)/C23,"")) | I23: 0 nếu input đã là 16 kHz
A24: Chia cửa sổ + log-mel | B24: ms | C24: 900 | D24: 980 | E24: =IF(OR(C24="",$C$29="",$C$29=0),"",C24/$C$29) -> 0.093720712 | H24: =IF(OR(C24="",F24=""),"",IFERROR((F24-C24)/C24,"")) | I24: Offline: tính log-mel một lần cho cả file rồi cắt cửa sổ, tránh tính lại ~12 lần
A25: Inference | B25: ms | C25: 8600 | D25: 9300 | E25: =IF(OR(C25="",$C$29="",$C$29=0),"",C25/$C$29) -> 0.89555347 | H25: =IF(OR(C25="",F25=""),"",IFERROR((F25-C25)/C25,"")) | I25: Thường chiếm phần lớn thời gian
A26: Xử lý overlap (gộp score) | B26: ms | C26: 5 | D26: 6 | E26: =IF(OR(C26="",$C$29="",$C$29=0),"",C26/$C$29) -> 0.00052067062 | H26: =IF(OR(C26="",F26=""),"",IFERROR((F26-C26)/C26,""))
A27: Hậu xử lý (padding, drop, merge) | B27: ms | C27: 1 | D27: 2 | E27: =IF(OR(C27="",$C$29="",$C$29=0),"",C27/$C$29) -> 0.00010413412 | H27: =IF(OR(C27="",F27=""),"",IFERROR((F27-C27)/C27,""))
A28: Overhead khác (cấp phát, trả kết quả) | B28: ms | C28: 30 | D28: 40 | E28: =IF(OR(C28="",$C$29="",$C$29=0),"",C28/$C$29) -> 0.0031240237 | H28: =IF(OR(C28="",F28=""),"",IFERROR((F28-C28)/C28,""))
A29: Tổng (mean cộng dồn; p95 đo trực tiếp) | B29: ms | C29: =IF(COUNT(C21:C28)=0,"",SUM(C21:C28)) -> 9603 | D29: 10300 | E29: =IF(C29="","",SUM(E21:E28)) -> 1 | F29: =IF(COUNT(F21:F28)=0,"",SUM(F21:F28)) | H29: =IF(OR(C29="",F29=""),"",IFERROR((F29-C29)/C29,"")) | I29: p95 của tổng phải đo trực tiếp, không cộng p95 từng stage
A31: C. Tổng hợp runtime
A32: Chỉ số | B32: Đơn vị | C32: Baseline | F32: Candidate | H32: Δ % | I32: Ghi chú / cách đo
A33: Hop | B33: s | C33: =IF(Snapshot!C21="","",Snapshot!C21) -> 0.08 | F33: =IF(Snapshot!D21="","",Snapshot!D21) | H33: =IF(OR(C33="",F33=""),"",IFERROR((F33-C33)/C33,"")) | I33: Lấy từ Snapshot
A34: Thời gian xử lý 1 phút audio – mean | B34: ms | C34: =C29 -> 9603 | F34: =F29 | H34: =IF(OR(C34="",F34=""),"",IFERROR((F34-C34)/C34,"")) | I34: Từ mục B
A35: Thời gian xử lý 1 phút audio – p95 | B35: ms | C35: =IF(D29="","",D29) -> 10300 | F35: =IF(G29="","",G29) | H35: =IF(OR(C35="",F35=""),"",IFERROR((F35-C35)/C35,"")) | I35: Từ mục B
A36: RTF mean (thời gian xử lý / thời lượng audio) | B36: – | C36: =IF(C34="","",C34/60000) -> 0.16005 | F36: =IF(F34="","",F34/60000) | H36: =IF(OR(C36="",F36=""),"",IFERROR((F36-C36)/C36,""))
A37: RTF p95 | B37: – | C37: =IF(C35="","",C35/60000) -> 0.17166667 | F37: =IF(F35="","",F35/60000) | H37: =IF(OR(C37="",F37=""),"",IFERROR((F37-C37)/C37,""))
A38: Tốc độ so với thời gian thực | B38: x | C38: =IF(OR(C36="",C36=0),"",1/C36) -> 6.2480475 | F38: =IF(OR(F36="",F36=0),"",1/F36) | H38: =IF(OR(C38="",F38=""),"",IFERROR((F38-C38)/C38,"")) | I38: vd 6.2 = xử lý nhanh gấp 6.2 lần thời lượng audio
A39: Số inference cho 1 phút audio | B39: lần | C39: =IF(OR(C33="",C33=0),"",60/C33) -> 750 | F39: =IF(OR(F33="",F33=0),"",60/F33) | H39: =IF(OR(C39="",F39=""),"",IFERROR((F39-C39)/C39,"")) | I39: Bằng 60 / hop
A40: Thời gian init (load model + cấp phát) | B40: ms | C40: 85 | H40: =IF(OR(C40="",F40=""),"",IFERROR((F40-C40)/C40,""))
A41: Ước tính thời gian xử lý file 1 giờ | B41: s | C41: =IF(C36="","",C36*3600) -> 576.18 | F41: =IF(F36="","",F36*3600) | H41: =IF(OR(C41="",F41=""),"",IFERROR((F41-C41)/C41,"")) | I41: Số đo thật ở sheet File dai va batch
A43: D. CPU & năng lượng
A44: Chỉ số | B44: Đơn vị | C44: Baseline | F44: Candidate | H44: Δ % | I44: Ghi chú / cách đo
A45: CPU trung bình trong lúc xử lý (% của 1 core) | B45: % | C45: 0.98 | H45: =IF(OR(C45="",F45=""),"",IFERROR((F45-C45)/C45,"")) | I45: Nhiều thread có thể > 100%
A46: Thời gian CPU cho 1 phút audio (cộng mọi thread) | B46: s | C46: 9.8 | H46: =IF(OR(C46="",F46=""),"",IFERROR((F46-C46)/C46,"")) | I46: user + sys từ /proc/<pid>/stat hoặc getrusage
A47: Công suất khi đang xử lý | B47: mW | C47: 1450 | H47: =IF(OR(C47="",F47=""),"",IFERROR((F47-C47)/C47,"")) | I47: Power monitor / Battery Historian
A48: Công suất idle (cùng điều kiện) | B48: mW | C48: 250 | H48: =IF(OR(C48="",F48=""),"",IFERROR((F48-C48)/C48,"")) | I48: Đo ngay trước/sau lần chạy
A49: Công suất tăng thêm do lib | B49: mW | C49: =IF(OR(C47="",C48=""),"",C47-C48) -> 1200 | F49: =IF(OR(F47="",F48=""),"",F47-F48) | H49: =IF(OR(C49="",F49=""),"",IFERROR((F49-C49)/C49,""))
A50: Thời gian xử lý 1 phút audio | B50: s | C50: =IF(C34="","",C34/1000) -> 9.603 | F50: =IF(F34="","",F34/1000) | H50: =IF(OR(C50="",F50=""),"",IFERROR((F50-C50)/C50,"")) | I50: Từ mục C
A51: Năng lượng cho 1 phút audio | B51: J | C51: =IF(OR(C49="",C50=""),"",C49/1000*C50) -> 11.5236 | F51: =IF(OR(F49="",F50=""),"",F49/1000*F50) | H51: =IF(OR(C51="",F51=""),"",IFERROR((F51-C51)/C51,"")) | I51: Công suất tăng thêm × thời gian xử lý
A52: Năng lượng cho 1 giờ audio | B52: J | C52: =IF(C51="","",C51*60) -> 691.416 | F52: =IF(F51="","",F51*60) | H52: =IF(OR(C52="",F52=""),"",IFERROR((F52-C52)/C52,""))
A54: E. Bộ nhớ cố định & kích thước
A55: Chỉ số | B55: Đơn vị | C55: Baseline | F55: Candidate | H55: Δ % | I55: Ghi chú / cách đo
A56: RSS trước khi init | B56: MB | C56: 22 | H56: =IF(OR(C56="",F56=""),"",IFERROR((F56-C56)/C56,"")) | I56: /proc/<pid>/status (VmRSS)
A57: RSS sau init (model đã load) | B57: MB | C57: 40 | H57: =IF(OR(C57="",F57=""),"",IFERROR((F57-C57)/C57,""))
A58: RSS do init | B58: MB | C58: =IF(OR(C56="",C57=""),"",C57-C56) -> 18 | F58: =IF(OR(F56="",F57=""),"",F57-F56) | H58: =IF(OR(C58="",F58=""),"",IFERROR((F58-C58)/C58,"")) | I58: Phần cố định, không phụ thuộc độ dài file
A59: Bộ nhớ runtime / tensor arena | B59: KB | C59: 2500 | H59: =IF(OR(C59="",F59=""),"",IFERROR((F59-C59)/C59,""))
A60: Kích thước file model | B60: KB | C60: 15100 | H60: =IF(OR(C60="",F60=""),"",IFERROR((F60-C60)/C60,""))
A61: Kích thước lib.so (stripped) | B61: KB | C61: 3200 | H61: =IF(OR(C61="",F61=""),"",IFERROR((F61-C61)/C61,"")) | I61: bloaty để xem phần nào chiếm dung lượng
A62: Peak RSS theo độ dài file và theo số file đã xử lý: xem sheet File dai va batch.

Sheet Bien va timestamp
A1: Biên segment & timestamp
A2: Chạy lib trên PCM đã decode. Vàng = bạn điền; xám = ví dụ minh họa; chữ đen = công thức.
A4: A. Độ chính xác biên trên tập nhãn mịn (10–20 ms)
A5: Chỉ số | B5: Đơn vị | C5: Baseline | D5: Candidate | E5: Δ | F5: Ghi chú / cách đo
A6: Thời lượng tập nhãn mịn | B6: phút | C6: 45 | E6: =IF(OR(C6="",D6=""),"",D6-C6) | F6: Khoảng 30–60 phút, đủ category
A7: Số segment | B7: cái | E7: =IF(OR(C7="",D7=""),"",D7-C7) | F7: Nên ≥ 200
A8: Δonset median (âm = sớm) | B8: ms | E8: =IF(OR(C8="",D8=""),"",D8-C8) | F8: Biên dự đoán − biên GT
A9: |Δonset| p95 | B9: ms | E9: =IF(OR(C9="",D9=""),"",D9-C9)
A10: Δoffset median (dương = trễ) | B10: ms | E10: =IF(OR(C10="",D10=""),"",D10-C10) | F10: Pad sau và merge gap đẩy offset về dương
A11: |Δoffset| p95 | B11: ms | E11: =IF(OR(C11="",D11=""),"",D11-C11)
A12: Tỉ lệ biên có |Δ| ≤ 100 ms | B12: % | E12: =IF(OR(C12="",D12=""),"",D12-C12)
A14: B. Chất lượng theo vị trí trong file (vùng biên có ít cửa sổ phủ hơn)
A15: Vị trí | B15: Recall baseline | C15: FAR baseline | D15: Recall candidate | E15: FAR candidate | F15: Ghi chú
A16: Đầu file (0–1 s) | F16: Khoảng 0.44 s đầu có ít cửa sổ phủ
A17: Giữa file | B17: 0.97 | C17: 0.07 | F17: Tham chiếu
A18: Cuối file (1 s cuối)
A19: Phần dư cuối file (< 0.96 s, không đủ 1 cửa sổ) | F19: Phụ thuộc cách xử lý cửa sổ cuối trong Snapshot
A20: Chênh recall cuối file so với giữa file | B20: =IF(OR(B18="",B17=""),"",B18-B17) | D20: =IF(OR(D18="",D17=""),"",D18-D17) | F20: Âm nhiều = mất speech ở cuối file
A22: C. Căn chỉnh thời gian của lib
A23: Chỉ số | B23: Đơn vị | C23: Baseline | D23: Candidate | E23: Δ | F23: Ghi chú / cách đo
A24: Lệch đỉnh F1 khi quét shift ±1 s (bước 0.08 s) | B24: ms | C24: 0 | E24: =IF(OR(C24="",D24=""),"",D24-C24) | F24: Như mục 5e của Kiem tra du lieu, nhưng chạy trên output lib
A25: Số file có số cửa sổ khác công thức | B25: file | E25: =IF(OR(C25="",D25=""),"",D25-C25) | F25: Kỳ vọng 0; công thức theo cách xử lý cửa sổ cuối
A26: Số segment vượt [0, thời lượng file] | B26: cái | E26: =IF(OR(C26="",D26=""),"",D26-C26) | F26: Kỳ vọng 0; pad phải bị cắt tại biên

Sheet File dai va batch
A1: File dài, batch nhiều file và false alarm theo giờ
A2: Điền liên tục từ trên xuống, không bỏ dòng (công thức lấy dòng cuối có số liệu). Vàng = bạn điền; xám = ví dụ minh họa.
A4: A. Theo độ dài file
A5: Độ dài file (phút) | B5: Thời gian xử lý baseline (s) | C5: RTF baseline | D5: Peak RSS baseline (MB) | E5: Thời gian xử lý candidate (s) | F5: RTF candidate | G5: Peak RSS candidate (MB) | H5: Ghi chú
A6: 1 | B6: 10 | C6: =IF(OR(A6="",B6="",A6=0),"",B6/(A6*60)) -> 0.16666667 | D6: 44 | F6: =IF(OR(A6="",E6="",A6=0),"",E6/(A6*60))
A7: 10 | C7: =IF(OR(A7="",B7="",A7=0),"",B7/(A7*60)) | F7: =IF(OR(A7="",E7="",A7=0),"",E7/(A7*60))
A8: 60 | C8: =IF(OR(A8="",B8="",A8=0),"",B8/(A8*60)) | F8: =IF(OR(A8="",E8="",A8=0),"",E8/(A8*60))
A9: 180 | C9: =IF(OR(A9="",B9="",A9=0),"",B9/(A9*60)) | F9: =IF(OR(A9="",E9="",A9=0),"",E9/(A9*60))
A10: 480 | C10: =IF(OR(A10="",B10="",A10=0),"",B10/(A10*60)) | F10: =IF(OR(A10="",E10="",A10=0),"",E10/(A10*60)) | H10: Có đủ RAM không? Có lỗi không?
A12: B. Batch nhiều file liên tiếp trên cùng instance
A13: Sau N file | B13: RSS baseline (MB) | C13: Thời gian TB/file baseline (s) | D13: Số file lỗi baseline | E13: RSS candidate (MB) | F13: Thời gian TB/file candidate (s) | G13: Số file lỗi candidate | H13: Ghi chú
A14: 0 | B14: 40 | H14: Sau init, chưa xử lý file
A15: 1
A16: 10
A17: 100
A18: 1000
A20: C. Tổng hợp (tự tính từ mục A, B)
A21: Chỉ số | B21: Đơn vị | C21: Baseline | D21: Candidate | E21: Ngưỡng (≤) | F21: KL baseline | G21: KL candidate | H21: Ghi chú
A22: RSS tăng theo độ dài file | B22: MB/phút | C22: =IF(COUNT(D6:D10)<2,"",(INDEX(D6:D10,COUNT(D6:D10))-D6)/(INDEX(A6:A10,COUNT(D6:D10))-A6)) | D22: =IF(COUNT(G6:G10)<2,"",(INDEX(G6:G10,COUNT(G6:G10))-G6)/(INDEX(A6:A10,COUNT(G6:G10))-A6)) | E22: 4 | F22: =IF(OR(C22="",E22=""),"",IF(C22<=E22,"Đạt","Không đạt")) | G22: =IF(OR(D22="",E22=""),"",IF(D22<=E22,"Đạt","Không đạt")) | H22: PCM 16 kHz mono float32 ≈ 3.84 MB/phút; cao hơn nhiều = giữ cả input gốc hoặc bản sao thừa
A23: Peak RSS với file 60 phút | B23: MB | C23: =IFERROR(IF(INDEX(D6:D10,MATCH(60,A6:A10,0))="","",INDEX(D6:D10,MATCH(60,A6:A10,0))),"") | D23: =IFERROR(IF(INDEX(G6:G10,MATCH(60,A6:A10,0))="","",INDEX(G6:G10,MATCH(60,A6:A10,0))),"") | F23: =IF(OR(C23="",E23=""),"",IF(C23<=E23,"Đạt","Không đạt")) | G23: =IF(OR(D23="",E23=""),"",IF(D23<=E23,"Đạt","Không đạt")) | H23: Lấy dòng có độ dài = 60
A24: RTF file dài nhất / RTF file 1 phút | B24: x | C24: =IF(COUNT(C6:C10)<2,"",IFERROR(INDEX(C6:C10,COUNT(C6:C10))/C6,"")) | D24: =IF(COUNT(F6:F10)<2,"",IFERROR(INDEX(F6:F10,COUNT(F6:F10))/F6,"")) | E24: 1.1 | F24: =IF(OR(C24="",E24=""),"",IF(C24<=E24,"Đạt","Không đạt")) | G24: =IF(OR(D24="",E24=""),"",IF(D24<=E24,"Đạt","Không đạt")) | H24: > 1 = thời gian tăng nhanh hơn tuyến tính
A25: RSS tăng mỗi 100 file (từ sau file thứ 1) | B25: MB | C25: =IF(COUNT(B14:B18)<3,"",(INDEX(B14:B18,COUNT(B14:B18))-B15)/(INDEX(A14:A18,COUNT(B14:B18))-A15)*100) | D25: =IF(COUNT(E14:E18)<3,"",(INDEX(E14:E18,COUNT(E14:E18))-E15)/(INDEX(A14:A18,COUNT(E14:E18))-A15)*100) | E25: 1 | F25: =IF(OR(C25="",E25=""),"",IF(C25<=E25,"Đạt","Không đạt")) | G25: =IF(OR(D25="",E25=""),"",IF(D25<=E25,"Đạt","Không đạt")) | H25: Dương kéo dài = nghi rò rỉ giữa các file
A26: Số file lỗi sau toàn bộ batch | B26: file | C26: =IF(COUNT(D14:D18)=0,"",INDEX(D14:D18,COUNT(D14:D18))) | D26: =IF(COUNT(G14:G18)=0,"",INDEX(G14:G18,COUNT(G14:G18))) | E26: 0 | F26: =IF(OR(C26="",E26=""),"",IF(C26<=E26,"Đạt","Không đạt")) | G26: =IF(OR(D26="",E26=""),"",IF(D26<=E26,"Đạt","Không đạt"))
A28: D. False alarm trên audio không lời dài
A29: Loại audio | B29: Thời lượng (giờ) | C29: #FA baseline | D29: FA/giờ baseline | E29: #FA candidate | F29: FA/giờ candidate | G29: Thời lượng FA baseline (s) | H29: % thời gian FA baseline
A30: Nhạc có lời (hát) | B30: 2 | C30: 3 | D30: =IF(OR(B30="",C30="",B30=0),"",C30/B30) -> 1.5 | F30: =IF(OR(B30="",E30="",B30=0),"",E30/B30) | G30: 4.5 | H30: =IF(OR(B30="",G30="",B30=0),"",G30/(B30*3600)) -> 0.000625
A31: Nhạc không lời | D31: =IF(OR(B31="",C31="",B31=0),"",C31/B31) | F31: =IF(OR(B31="",E31="",B31=0),"",E31/B31) | H31: =IF(OR(B31="",G31="",B31=0),"",G31/(B31*3600))
A32: Tiếng cười / vỗ tay / đám đông | D32: =IF(OR(B32="",C32="",B32=0),"",C32/B32) | F32: =IF(OR(B32="",E32="",B32=0),"",E32/B32) | H32: =IF(OR(B32="",G32="",B32=0),"",G32/(B32*3600))
A33: Giao thông / đường phố | D33: =IF(OR(B33="",C33="",B33=0),"",C33/B33) | F33: =IF(OR(B33="",E33="",B33=0),"",E33/B33) | H33: =IF(OR(B33="",G33="",B33=0),"",G33/(B33*3600))
A34: Văn phòng / quạt / điều hòa | D34: =IF(OR(B34="",C34="",B34=0),"",C34/B34) | F34: =IF(OR(B34="",E34="",B34=0),"",E34/B34) | H34: =IF(OR(B34="",G34="",B34=0),"",G34/(B34*3600))
A35: Bếp / nước chảy / va chạm | D35: =IF(OR(B35="",C35="",B35=0),"",C35/B35) | F35: =IF(OR(B35="",E35="",B35=0),"",E35/B35) | H35: =IF(OR(B35="",G35="",B35=0),"",G35/(B35*3600))
A36: Im lặng số / nhiễu nền thấp | D36: =IF(OR(B36="",C36="",B36=0),"",C36/B36) | F36: =IF(OR(B36="",E36="",B36=0),"",E36/B36) | H36: =IF(OR(B36="",G36="",B36=0),"",G36/(B36*3600))
A37: Tổng | B37: =SUM(B30:B36) -> 2 | C37: =IF(COUNT(C30:C36)=0,"",SUM(C30:C36)) -> 3 | D37: =IF(OR(C37="",B37=0),"",C37/B37) -> 1.5 | E37: =IF(COUNT(E30:E36)=0,"",SUM(E30:E36)) | F37: =IF(OR(E37="",B37=0),"",E37/B37) | G37: =IF(COUNT(G30:G36)=0,"",SUM(G30:G36)) -> 4.5 | H37: =IF(OR(G37="",B37=0),"",G37/(B37*3600)) -> 0.000625
A38: Hát có tính là speech hay không tùy định nghĩa của bạn – ghi rõ để FA/giờ so sánh được giữa các lần đo.

Sheet Robustness
A1: Robustness – chất lượng theo biến đổi input
A2: Sinh biến thể từ tập test (không dùng dev). Nhóm Codec: nén bằng encoder, decode bằng decoder của app, rồi đưa PCM vào lib. Vàng = bạn điền; xám = ví dụ.
A4: Nhóm | B4: Biến đổi | C4: Mức | D4: F1 baseline | E4: FAR baseline | F4: MR baseline | G4: Suy giảm F1 so với gốc | H4: F1 candidate | I4: FAR candidate | J4: MR candidate | K4: ΔF1 (cand − base) | L4: Ghi chú
A5: Gốc | B5: Không biến đổi | C5: – | D5: 0.936 | E5: 0.075 | F5: 0.03 | G5: =IF(OR(D5="",$D$5=""),"",$D$5-D5) -> 0 | K5: =IF(OR(D5="",H5=""),"",H5-D5)
A6: Mức tín hiệu | B6: Gain | C6: -30 dB | G6: =IF(OR(D6="",$D$5=""),"",$D$5-D6) | K6: =IF(OR(D6="",H6=""),"",H6-D6)
A7: Mức tín hiệu | B7: Gain | C7: -20 dB | G7: =IF(OR(D7="",$D$5=""),"",$D$5-D7) | K7: =IF(OR(D7="",H7=""),"",H7-D7)
A8: Mức tín hiệu | B8: Gain | C8: -10 dB | G8: =IF(OR(D8="",$D$5=""),"",$D$5-D8) | K8: =IF(OR(D8="",H8=""),"",H8-D8)
A9: Mức tín hiệu | B9: Gain (có clipping) | C9: +12 dB | G9: =IF(OR(D9="",$D$5=""),"",$D$5-D9) | K9: =IF(OR(D9="",H9=""),"",H9-D9)
A10: Mức tín hiệu | B10: DC offset | C10: +0.1 | G10: =IF(OR(D10="",$D$5=""),"",$D$5-D10) | K10: =IF(OR(D10="",H10=""),"",H10-D10)
A11: Nhiễu | B11: Nhiễu cộng (SNR) | C11: 20 dB | G11: =IF(OR(D11="",$D$5=""),"",$D$5-D11) | K11: =IF(OR(D11="",H11=""),"",H11-D11)
A12: Nhiễu | B12: Nhiễu cộng (SNR) | C12: 10 dB | G12: =IF(OR(D12="",$D$5=""),"",$D$5-D12) | K12: =IF(OR(D12="",H12=""),"",H12-D12)
A13: Nhiễu | B13: Nhiễu cộng (SNR) | C13: 5 dB | G13: =IF(OR(D13="",$D$5=""),"",$D$5-D13) | K13: =IF(OR(D13="",H13=""),"",H13-D13)
A14: Nhiễu | B14: Nhiễu cộng (SNR) | C14: 0 dB | G14: =IF(OR(D14="",$D$5=""),"",$D$5-D14) | K14: =IF(OR(D14="",H14=""),"",H14-D14)
A15: Kênh truyền | B15: Vang phòng (RT60) | C15: 0.3 s | G15: =IF(OR(D15="",$D$5=""),"",$D$5-D15) | K15: =IF(OR(D15="",H15=""),"",H15-D15)
A16: Kênh truyền | B16: Vang phòng (RT60) | C16: 0.8 s | G16: =IF(OR(D16="",$D$5=""),"",$D$5-D16) | K16: =IF(OR(D16="",H16=""),"",H16-D16)
A17: Kênh truyền | B17: Far-field | C17: ~2 m | G17: =IF(OR(D17="",$D$5=""),"",$D$5-D17) | K17: =IF(OR(D17="",H17=""),"",H17-D17)
... A21: Sample rate | B21: Sample rate đầu vào | C21: 48 kHz | G21: =IF(OR(D21="",$D$5=""),"",$D$5-D21) | K21: =IF(OR(D21="",H21=""),"",H21-D21)
A22: Số kênh | B22: Stereo, lời chỉ ở một kênh | C22: – | G22: =IF(OR(D22="",$D$5=""),"",$D$5-D22) | K22: =IF(OR(D22="",H22=""),"",H22-D22) | L22: Kiểm tra downmix không làm mất lời
A23: Số kênh | B23: Stereo, kênh có lời thấp hơn | C23: -12 dB | G23: =IF(OR(D23="",$D$5=""),"",$D$5-D23) | K23: =IF(OR(D23="",H23=""),"",H23-D23)
A24: Codec | B24: MP3 | C24: 128 kbps | G24: =IF(OR(D24="",$D$5=""),"",$D$5-D24) | K24: =IF(OR(D24="",H24=""),"",H24-D24)
A25: Codec | B25: MP3 | C25: 64 kbps | G25: =IF(OR(D25="",$D$5=""),"",$D$5-D25) | K25: =IF(OR(D25="",H25=""),"",H25-D25)
A26: Codec | B26: MP3 | C26: 32 kbps | G26: =IF(OR(D26="",$D$5=""),"",$D$5-D26) | K26: =IF(OR(D26="",H26=""),"",H26-D26)
A27: Codec | B27: AAC-LC trong mp4 | C27: 128 kbps | G27: =IF(OR(D27="",$D$5=""),"",$D$5-D27) | K27: =IF(OR(D27="",H27=""),"",H27-D27)
A28: Codec | B28: HE-AAC trong mp4 | C28: 48 kbps | G28: =IF(OR(D28="",$D$5=""),"",$D$5-D28) | K28: =IF(OR(D28="",H28=""),"",H28-D28)
A29: Đặc biệt | B29: Digital silence | C29: toàn 0 | G29: =IF(OR(D29="",$D$5=""),"",$D$5-D29) | K29: =IF(OR(D29="",H29=""),"",H29-D29) | L29: Chỉ xét FAR (không có speech)
B31: F1 thấp nhất – baseline | C31: =IF(COUNT(D5:D29)=0,"",MIN(D5:D29)) -> 0.936 | E31: Điều kiện | G31: =IF(COUNT(D5:D29)=0,"",INDEX(B5:B29,MATCH(MIN(D5:D29),D5:D29,0))&" "&INDEX(C5:C29,MATCH(MIN(D5:D29),D5:D29,0))) -> Không biến đổi –
B32: F1 thấp nhất – candidate | C32: =IF(COUNT(H5:H29)=0,"",MIN(H5:H29)) | E32: Điều kiện | G32: =IF(COUNT(H5:H29)=0,"",INDEX(B5:B29,MATCH(MIN(H5:H29),H5:H29,0))&" "&INDEX(C5:C29,MATCH(MIN(H5:H29),H5:H29,0)))
A33: Tô vàng: suy giảm F1 so với gốc > 0.05. Tô đỏ: candidate kém baseline hơn 0.01 F1.

Sheet Test chuc nang
A1: Test chức năng lib.so (input là PCM đã decode)
A2: Chạy cho mỗi build. Kết quả chọn từ danh sách. Vàng = bạn điền.
A4: Mã | B4: Nhóm | C4: Test | D4: Cách chạy / input | E4: Kỳ vọng | F4: Baseline | G4: Candidate | H4: Ticket / ghi chú
A5: T01 | B5: Input biên | C5: Buffer rỗng (0 mẫu) | E5: Trả mã lỗi hoặc 0 segment, không crash | F5: Chưa chạy | G5: Chưa chạy
A6: T02 | B6: Input biên | C6: Audio ngắn hơn 1 cửa sổ | D6: 0.5 s có tiếng nói | E6: Đúng hành vi đã tài liệu hóa (pad rồi chạy, hoặc trả rỗng) | F6: Chưa chạy | G6: Chưa chạy
A7: T03 | B7: Input biên | C7: Audio dài đúng 0.96 s | D7: 15 360 mẫu ở 16 kHz | E7: Đúng 1 cửa sổ, timestamp không lệch | F7: Chưa chạy | G7: Chưa chạy
A8: T04 | B8: Input biên | C8: Cửa sổ cuối không đủ 0.96 s | D8: File 10.5 s, tiếng nói ở 10.1–10.5 s | E8: Tiếng nói cuối được phát hiện, hoặc hành vi đúng như tài liệu | F8: Chưa chạy | G8: Chưa chạy
A9: T05 | B9: Input biên | C9: Số cửa sổ đúng công thức | D9: Nhiều độ dài ngẫu nhiên | E9: Khớp công thức theo cách xử lý cửa sổ cuối | F9: Chưa chạy | G9: Chưa chạy
A10: T06 | B10: Input biên | C10: NaN / Inf trong input | D10: Chèn NaN vào giữa file | E10: Không crash; báo lỗi hoặc thay 0 | F10: Chưa chạy | G10: Chưa chạy
A11: T07 | B11: Input biên | C11: Biên độ ngoài [-1, 1] / int16 full scale | D11: Sóng vuông full scale | E11: Được clip/chuẩn hóa, không tràn số | F11: Chưa chạy | G11: Chưa chạy
A12: T08 | B12: Input biên | C12: Digital silence dài | D12: 1 giờ toàn 0 | E12: 0 segment | F12: Chưa chạy | G12: Chưa chạy
A13: T09 | B13: Định dạng input | C13: Các sample rate hỗ trợ | D13: 8; 11.025; 16; 22.05; 32; 44.1; 48 kHz | E13: Chạy đúng; timestamp tính theo thời gian thật | F13: Chưa chạy | G13: Chưa chạy
A14: T10 | B14: Định dạng input | C14: Sample rate không hỗ trợ | D14: vd 7 kHz, 192 kHz | E14: Trả mã lỗi rõ ràng | F14: Chưa chạy | G14: Chưa chạy
A15: T11 | B15: Định dạng input | C15: Stereo hai kênh giống nhau | E15: Kết quả giống hệt input mono | F15: Chưa chạy | G15: Chưa chạy
A16: T12 | B16: Định dạng input | C16: Lời chỉ ở một kênh | D16: Kênh còn lại im lặng | E16: Vẫn phát hiện tiếng nói | F16: Chưa chạy | G16: Chưa chạy
A17: T13 | B17: Định dạng input | C17: Hai kênh ngược pha (L = −R) | E17: Ghi nhận hành vi: trung bình cộng triệt tiêu → cần quyết định có xử lý không | F17: Chưa chạy | G17: Chưa chạy
A18: T14 | B18: Định dạng input | C18: Đa kênh (5.1) | D18: Nếu API cho phép | E18: Downmix đúng quy tắc, hoặc báo lỗi rõ ràng | F18: Chưa chạy | G18: Chưa chạy
A19: T15 | B19: Định dạng input | C19: Kiểu mẫu int16 và float32 | D19: Nếu API hỗ trợ cả hai | E19: Kết quả như nhau | F19: Chưa chạy | G19: Chưa chạy
A20: T16 | B20: Hợp đồng output | C20: Segment sắp xếp, không chồng nhau | D20: Toàn bộ test set | E20: Luôn đúng | F20: Chưa chạy | G20: Chưa chạy
A21: T17 | B21: Hợp đồng output | C21: Segment nằm trong [0, thời lượng] | D21: Tiếng nói sát đầu và cuối file | E21: Pad bị cắt tại biên; không âm, không vượt | F21: Chưa chạy | G21: Chưa chạy
A22: T18 | B22: Hợp đồng output | C22: Không còn segment ngắn hơn ngưỡng drop | D22: Sau toàn bộ hậu xử lý | E22: Đúng theo thứ tự hậu xử lý đã chốt | F22: Chưa chạy | G22: Chưa chạy
A23: T19 | B23: Hợp đồng output | C23: Kết quả tất định | D23: Chạy 2 lần; đổi số thread | E23: Giống hệt | F23: Chưa chạy | G23: Chưa chạy
A24: T20 | B24: API | C24: Gọi process trước init / sau deinit | E24: Trả mã lỗi, không crash | F24: Chưa chạy | G24: Chưa chạy
A25: T21 | B25: API | C25: Tham số sai (NULL, độ dài âm) | E25: Trả mã lỗi rõ ràng | F25: Chưa chạy | G25: Chưa chạy
A26: T22 | B26: API | C26: Nhiều file liên tiếp trên cùng instance | D26: Đảo thứ tự file | E26: Kết quả mỗi file không phụ thuộc file trước | F26: Chưa chạy | G26: Chưa chạy
A27: T23 | B27: API | C27: Init/deinit lặp 1000 lần | E27: RSS không tăng; ASan/valgrind sạch | F27: Chưa chạy | G27: Chưa chạy
A28: T24 | B28: Đa luồng | C28: N instance song song trên N thread | D28: N = số core | E28: Kết quả mỗi instance giống chạy đơn | F28: Chưa chạy | G28: Chưa chạy
A29: T25 | B29: Tài nguyên | C29: ASan / UBSan trên toàn bộ test set | E29: 0 lỗi | F29: Chưa chạy | G29: Chưa chạy
A30: T26 | B30: Tài nguyên | C30: Bộ nhớ trả lại sau mỗi file | D30: heaptrack | E30: RSS quay về mức sau init | F30: Chưa chạy | G30: Chưa chạy
A31: T27 | B31: Tài nguyên | C31: File dài nhất theo hợp đồng input | D31: Độ dài tối đa trong Snapshot | E31: Chạy xong, không tràn RAM | F31: Chưa chạy | G31: Chưa chạy
A32: T28 | B32: Build | C32: Symbol export chỉ gồm API public | D32: nm -D lib.so | E32: Chỉ các hàm API | F32: Chưa chạy | G32: Chưa chạy
A33: T29 | B33: Build | C33: Build & test đủ ABI đích | D33: arm64-v8a, armeabi-v7a, x86_64 | E33: Pass trên mọi ABI | F33: Chưa chạy | G33: Chưa chạy
A34: T30 | B34: Build | C34: Tương thích API/ABI với bản trước | D34: abi-compliance-checker | E34: Không vỡ ABI, hoặc tăng major version | F34: Chưa chạy | G34: Chưa chạy
E36: Tổng hợp | F36: Baseline | G36: Candidate
E37: Đạt | F37: =COUNTIF(F$5:F$34,"Đạt") -> 0 | G37: =COUNTIF(G$5:G$34,"Đạt") -> 0
E38: Không đạt | F38: =COUNTIF(F$5:F$34,"Không đạt") -> 0 | G38: =COUNTIF(G$5:G$34,"Không đạt") -> 0
E39: Chưa chạy | F39: =COUNTIF(F$5:F$34,"Chưa chạy") -> 30 | G39: =COUNTIF(G$5:G$34,"Chưa chạy") -> 30
E40: Không áp dụng | F40: =COUNTIF(F$5:F$34,"Không áp dụng") -> 0 | G40: =COUNTIF(G$5:G$34,"Không áp dụng") -> 0

Sheet Hop sweep
A1: Đường cong chất lượng – chi phí theo hop (tùy chọn)
A2: Mỗi hop phải tune lại pad / drop / merge / ngưỡng trên dev trước khi đo trên test. Vàng = bạn điền; xám = ví dụ.
A4: Window (s) | B4: =IF(Snapshot!C20="","",Snapshot!C20) -> 0.96
A6: Cấu hình | B6: Hop (s) | C6: Inference / phút audio | D6: Overlap | E6: Hậu xử lý tune lại? | F6: F1 strict | G6: DCF | H6: |Δonset| p95 (ms) | I6: RTF | J6: Thời gian CPU / phút audio (s) | K6: Năng lượng (J / phút audio) | L6: ΔF1 so với hop đầu | M6: Giảm RTF so với hop đầu | N6: Ghi chú
A7: H1 – baseline | B7: 0.08 | C7: =IF(OR(B7="",B7=0),"",60/B7) -> 750 | D7: =IF(OR(B7="",$B$4=""),"",MAX(0,1-B7/$B$4)) -> 0.91666667 | E7: Có | F7: 0.936 | G7: 0.041 | H7: 120 | I7: 0.16 | J7: 9.8 | K7: 11.5 | L7: =IF(OR(F7="",$F$7=""),"",F7-$F$7) -> 0 | M7: =IF(OR(I7="",$I$7="",$I$7=0),"",1-I7/$I$7) -> 0
A8: H2 | B8: 0.16 | C8: =IF(OR(B8="",B8=0),"",60/B8) -> 375 | D8: =IF(OR(B8="",$B$4=""),"",MAX(0,1-B8/$B$4)) -> 0.83333333 | L8: =IF(OR(F8="",$F$7=""),"",F8-$F$7) | M8: =IF(OR(I8="",$I$7="",$I$7=0),"",1-I8/$I$7)
A9: H3 | B9: 0.24 | C9: =IF(OR(B9="",B9=0),"",60/B9) -> 250 | D9: =IF(OR(B9="",$B$4=""),"",MAX(0,1-B9/$B$4)) -> 0.75 | L9: =IF(OR(F9="",$F$7=""),"",F9-$F$7) | M9: =IF(OR(I9="",$I$7="",$I$7=0),"",1-I9/$I$7)
A10: H4 | B10: 0.32 | C10: =IF(OR(B10="",B10=0),"",60/B10) -> 187.5 | D10: =IF(OR(B10="",$B$4=""),"",MAX(0,1-B10/$B$4)) -> 0.66666667 | L10: =IF(OR(F10="",$F$7=""),"",F10-$F$7) | M10: =IF(OR(I10="",$I$7="",$I$7=0),"",1-I10/$I$7)
A11: H5 | B11: 0.48 | C11: =IF(OR(B11="",B11=0),"",60/B11) -> 125 | D11: =IF(OR(B11="",$B$4=""),"",MAX(0,1-B11/$B$4)) -> 0.5 | L11: =IF(OR(F11="",$F$7=""),"",F11-$F$7) | M11: =IF(OR(I11="",$I$7="",$I$7=0),"",1-I11/$I$7)
A12: H6 | B12: 0.96 | C12: =IF(OR(B12="",B12=0),"",60/B12) -> 62.5 | D12: =IF(OR(B12="",$B$4=""),"",MAX(0,1-B12/$B$4)) -> 0 | L12: =IF(OR(F12="",$F$7=""),"",F12-$F$7) | M12: =IF(OR(I12="",$I$7="",$I$7=0),"",1-I12/$I$7)

Sheet Tich hop decode
A1: Tích hợp decode mp3/mp4 (phía app, ngoài lib)
A2: Không tính vào gate của lib, nhưng lỗi ở đây làm lệch timestamp và chất lượng end-to-end. Vàng = bạn điền; xám = ví dụ.
A4: A. Thiết lập
B5: Decoder & version | G5: ffmpeg / MediaCodec / AVFoundation / minimp3…
B6: Có bù encoder delay / priming (gapless) không | G6: MP3: LAME header; AAC: edit list / iTunSMPB
B7: Quy tắc chọn track khi mp4 có nhiều track audio
B8: Quy ước timeline khi audio mp4 bắt đầu trễ hơn video | G8: Timestamp segment theo timeline audio hay video?
B9: Định dạng PCM đưa vào lib | G9: Phải khớp hợp đồng input trong Snapshot
A11: B. Độ lệch timestamp và thời lượng sau decode
A12: Cách đo: nén từ wav gốc, decode bằng decoder của app, cross-correlation với wav gốc để lấy lệch đầu; so thời lượng.
B13: Ngưỡng |lệch đầu| cho phép | C13: ms | D13: 20
B14: Ngưỡng |chênh thời lượng| cho phép | C14: ms | D14: 80
A15: Mã | B15: Định dạng | C15: Encoder / nguồn | D15: Lệch đầu (ms) | E15: Chênh thời lượng (ms) | F15: Kết luận | G15: Ghi chú
A16: D01 | B16: MP3 CBR 128 kbps | C16: LAME | D16: 2 | E16: 5 | F16: =IF(OR(D16="",E16=""),"",IF(AND(ABS(D16)<=$D$13,ABS(E16)<=$D$14),"Đạt","Không đạt")) -> Đạt
A17: D02 | B17: MP3 VBR | C17: LAME | F17: =IF(OR(D17="",E17=""),"",IF(AND(ABS(D17)<=$D$13,ABS(E17)<=$D$14),"Đạt","Không đạt"))
A18: D03 | B18: MP3 không có header gapless | C18: encoder khác | F18: =IF(OR(D18="",E18=""),"",IF(AND(ABS(D18)<=$D$13,ABS(E18)<=$D$14),"Đạt","Không đạt"))
A19: D04 | B19: AAC-LC 128 kbps trong mp4 | C19: ffmpeg | F19: =IF(OR(D19="",E19=""),"",IF(AND(ABS(D19)<=$D$13,ABS(E19)<=$D$14),"Đạt","Không đạt"))
A20: D05 | B20: AAC-LC trong mp4 | C20: Apple / iTunes | F20: =IF(OR(D20="",E20=""),"",IF(AND(ABS(D20)<=$D$13,ABS(E20)<=$D$14),"Đạt","Không đạt"))
A21: D06 | B21: HE-AAC 48 kbps trong mp4 | F21: =IF(OR(D21="",E21=""),"",IF(AND(ABS(D21)<=$D$13,ABS(E21)<=$D$14),"Đạt","Không đạt"))
A22: D07 | B22: mp4 có edit list (audio bắt đầu trễ) | F22: =IF(OR(D22="",E22=""),"",IF(AND(ABS(D22)<=$D$13,ABS(E22)<=$D$14),"Đạt","Không đạt"))
A23: D08 | B23: mp4 quay từ điện thoại | C23: Android / iOS | F23: =IF(OR(D23="",E23=""),"",IF(AND(ABS(D23)<=$D$13,ABS(E23)<=$D$14),"Đạt","Không đạt"))
A25: C. Checklist định dạng và file lỗi
A26: Mã | B26: Tình huống | C26: Kỳ vọng | F26: Kết quả | G26: Ghi chú
A27: I01 | B27: Mono / stereo / 5.1 | C27: Decode đúng số kênh; truyền đúng layout cho lib | F27: Chưa chạy
A28: I02 | B28: Sample rate 8–48 kHz | C28: Truyền đúng sample rate cho lib | F28: Chưa chạy
A29: I03 | B29: MP3 VBR (có / không có header Xing) | C29: Thời lượng đúng | F29: Chưa chạy
A30: I04 | B30: mp4 nhiều track audio | C30: Chọn đúng track theo quy tắc ở mục A | F30: Chưa chạy
A31: I05 | B31: mp4 không có track audio | C31: Báo lỗi rõ ràng, không gọi lib | F31: Chưa chạy
A32: I06 | B32: File bị cắt cụt | C32: Decode phần còn lại, không crash | F32: Chưa chạy
A33: I07 | B33: File hỏng header / không phải audio | C33: Báo lỗi rõ ràng | F33: Chưa chạy
A34: I08 | B34: Tag ID3 / metadata lớn, ảnh bìa | C34: Không ảnh hưởng timestamp | F34: Chưa chạy
A35: I09 | B35: File rất dài (≥ 3 giờ) | C35: Không tràn RAM khi decode và khi đưa vào lib | F35: Chưa chạy
A36: I10 | B36: Audio mp4 bắt đầu trễ hơn video | C36: Timestamp đúng theo quy ước ở mục A | F36: Chưa chạy
A38: D. Chi phí decode (tùy chọn)
B39: Chỉ số | C39: Đơn vị | D39: Giá trị | G39: Ghi chú
B40: Thời gian decode cho 1 phút audio | C40: ms | G40: mp3 và mp4 đo riêng nếu khác nhiều
B41: Peak RAM khi decode file 60 phút | C41: MB
B42: Thời gian decode / thời gian lib | C42: % | D42: =IF(OR(D40="",Performance!C34="",Performance!C34=0),"",D40/Performance!C34) | G42: So với Performance mục C
B44: Tổng hợp | C44: Mục B | D44: Mục C
B45: Đạt | C45: =COUNTIF(F16:F23,"Đạt") -> 1 | D45: =COUNTIF(F27:F36,"Đạt") -> 0
B46: Không đạt | C46: =COUNTIF(F16:F23,"Không đạt") -> 0 | D46: =COUNTIF(F27:F36,"Không đạt") -> 0
B47: Chưa chạy | C47: =COUNTBLANK(D16:D23) -> 7 | D47: =COUNTIF(F27:F36,"Chưa chạy") -> 10
